run_id,metric,scope,condition_or_contrast,n,value,ci_low,ci_high,p_value,effect_size
full-002,objective_score,condition_mean,A,60,0.9271230166666665,0.8812798,0.9657341333333332,,
full-002,objective_score,condition_mean,B,60,0.9476587333333334,0.9136309666666668,0.9763988333333333,,
full-002,objective_score,condition_mean,D,60,0.93492395,0.8960879833333331,0.9684126833333332,,
full-002,objective_score,condition_mean,T01,60,0.9433730166666666,0.9072222166666666,0.9755555666666668,,
full-002,objective_score,condition_mean,T02,60,0.94154765,0.8941072166666668,0.9825893000000001,,
full-002,objective_score,condition_mean,T03,60,0.9136342499999999,0.8705092000000001,0.9535978499999999,,
full-002,objective_score,condition_mean,T04,60,0.9431646833333333,0.9114880833333332,0.9718750166666666,,
full-002,objective_score,condition_mean,T05,60,0.9229563500000001,0.8807539500000001,0.96198415,,
full-002,objective_score,condition_mean,T06,60,0.9387930166666667,0.8883829666666669,0.9789880999999999,,
full-002,objective_score,condition_mean,T07,60,0.9099305666666667,0.86732145,0.9501488333333334,,
full-002,objective_score,condition_mean,T08,60,0.9333035666666666,0.8944146666666665,0.9680158666666667,,
full-002,objective_score,condition_mean,T09,60,0.9206944333333332,0.8781944166666666,0.9583333333333333,,
full-002,objective_score,condition_mean,T10,60,0.910916,0.8676454666666668,0.9517096833333335,,
full-002,objective_score,condition_mean,T11,60,0.8762598833333332,0.7987994833333335,0.9374404666666666,,
full-002,objective_score,condition_mean,T12,60,0.9519146833333333,0.9264285666666665,0.9754166666666666,,
full-002,objective_score,condition_mean,T13,60,0.9196792333333333,0.8768783,0.9575330833333332,,
full-002,objective_score,condition_mean,T14,60,0.9447222166666667,0.9058333,0.9795138833333332,,
full-002,objective_score,condition_mean,T15,60,0.9372387499999999,0.9049999999999998,0.9679629666666665,,
full-002,objective_score,condition_mean,T16,60,0.9383333500000001,0.9037500333333333,0.9696230166666666,,
full-002,objective_score,condition_mean,T17,60,0.9273908666666667,0.8861904333333335,0.9642262,,
full-002,objective_score,condition_mean,T18,60,0.9108333333333333,0.8531349333333332,0.9599603333333332,,
full-002,objective_score,condition_mean,T19,60,0.9191170666666667,0.8709623166666669,0.9618749999999998,,
full-002,objective_score,condition_mean,T20,60,0.9091104666666667,0.8591270333333333,0.95185185,,
full-002,objective_score,condition_mean,T21,60,0.9188723666666666,0.8798115166666665,0.9559193166666666,,
full-002,objective_score,condition_mean,T22,60,0.9211640333333334,0.8750330666666666,0.9608631,,
full-002,objective_score,condition_mean,T23,60,0.9363889000000001,0.9009921333333334,0.9666666833333333,,
full-002,objective_score,condition_mean,T24,60,0.9111110833333333,0.8663789166666668,0.9529364666666666,,
full-002,objective_score,condition_mean,T25,60,0.90270505,0.854193166666667,0.9447354833333332,,
full-002,objective_score,condition_mean,T26,60,0.9193551666666668,0.8770536166666668,0.9592757833333333,,
full-002,objective_score,condition_mean,E01,60,0.9484424833333333,0.9112996333333335,0.9802777833333334,,
full-002,objective_score,condition_mean,E02,60,0.9473908833333333,0.9079663,0.9804762,,
full-002,objective_score,condition_mean,E03,60,0.9542757999999999,0.9231448333333331,0.9819047666666666,,
full-002,objective_score,condition_mean,E04,60,0.9448611166666667,0.8925992166666669,0.9860317666666666,,
full-002,objective_score,condition_mean,E05,60,0.9470998500000001,0.9062896499999998,0.980873,,
full-002,objective_score,condition_mean,E06,60,0.9271362500000001,0.8821064666666666,0.9670370333333335,,
full-002,objective_score,condition_mean,E07,60,0.9186011833333333,0.8660317499999999,0.9638095000000001,,
full-002,objective_score,condition_mean,E08,60,0.9369742166666666,0.8860019666666668,0.9783333499999999,,
full-002,objective_score,contrast,T01_vs_A,60,0.01625,-0.01208335,0.0420139,0.25,0.26372720840844255
full-002,objective_score,contrast,T01_vs_B,60,-0.0042857166666666665,-0.029791666666666668,0.021329350000000004,0.7734375,-0.0720752980657818
full-002,objective_score,contrast,T01_vs_D,60,0.008449066666666663,-0.014861133333333335,0.0319213,0.49609375,0.15581053986527593
full-002,objective_score,contrast,T02_vs_A,60,0.014424633333333332,-0.011289666666666667,0.04436513333333333,0.3671875,0.2204748643583379
full-002,objective_score,contrast,T02_vs_B,60,-0.0061110833333333356,-0.04515870000000001,0.02809523333333333,0.75,-0.07147908038253394
full-002,objective_score,contrast,T02_vs_D,60,0.006623699999999999,-0.03384256666666667,0.039791666666666656,0.76953125,0.07668324040832311
full-002,objective_score,contrast,T03_vs_A,60,-0.013488766666666664,-0.03663693333333333,0.007490066666666667,0.265625,-0.2571057976272544
full-002,objective_score,contrast,T03_vs_B,60,-0.03402448333333333,-0.06216933333333333,-0.007883616666666668,0.02734375,-0.5386813411111991
full-002,objective_score,contrast,T03_vs_D,60,-0.0212897,-0.04991078333333333,0.005386883333333331,0.171875,-0.3258266537224678
full-002,objective_score,contrast,T04_vs_A,60,0.016041666666666666,-0.011349183333333337,0.04757935,0.359375,0.23311995557175447
full-002,objective_score,contrast,T04_vs_B,60,-0.004494050000000001,-0.022063516666666665,0.012331349999999994,0.609375,-0.11269593252574177
full-002,objective_score,contrast,T04_vs_D,60,0.00824073333333333,-0.0197057,0.03847223333333333,0.60546875,0.12104458324785192
full-002,objective_score,contrast,T05_vs_A,60,-0.004166666666666668,-0.027777766666666665,0.01979166666666667,0.765625,-0.0744461658718399
full-002,objective_score,contrast,T05_vs_B,60,-0.02470238333333333,-0.05060511666666667,0.0008432499999999988,0.09375,-0.40790879362352933
full-002,objective_score,contrast,T05_vs_D,60,-0.011967600000000004,-0.04444444999999999,0.017430549999999996,0.484375,-0.1664734257399352
full-002,objective_score,contrast,T06_vs_A,60,0.011669999999999996,-0.01661375,0.0428572,0.5078125,0.16760699759985248
full-002,objective_score,contrast,T06_vs_B,60,-0.008865716666666669,-0.035214916666666665,0.01809526666666666,0.54296875,-0.14179737316522517
full-002,objective_score,contrast,T06_vs_D,60,0.0038690666666666615,-0.03686506666666666,0.040337316666666664,0.83984375,0.04264988421075569
full-002,objective_score,contrast,T07_vs_A,60,-0.017192449999999995,-0.051835333333333324,0.01579366666666667,0.34423828125,-0.22088756341059257
full-002,objective_score,contrast,T07_vs_B,60,-0.03772816666666666,-0.06799603333333334,-0.01277775,0.0078125,-0.5734480771463134
full-002,objective_score,contrast,T07_vs_D,60,-0.024993383333333334,-0.054126999999999995,0.0040277833333333315,0.1142578125,-0.36881939926297796
full-002,objective_score,contrast,T08_vs_A,60,0.006180549999999997,-0.026527799999999997,0.03295635,0.70703125,0.08809584626494346
full-002,objective_score,contrast,T08_vs_B,60,-0.014355166666666667,-0.04317463333333333,0.010694433333333333,0.369140625,-0.22505364909297954
full-002,objective_score,contrast,T08_vs_D,60,-0.0016203833333333342,-0.03967596666666666,0.03374999999999999,0.93603515625,-0.01897507825788327
full-002,objective_score,contrast,T09_vs_A,60,-0.006428583333333332,-0.04418651666666666,0.029742050000000003,0.7509765625,-0.07384832298159127
full-002,objective_score,contrast,T09_vs_B,60,-0.0269643,-0.05515875,-0.0038095333333333327,0.0419921875,-0.45387120012324333
full-002,objective_score,contrast,T09_vs_D,60,-0.014229516666666667,-0.04698416666666667,0.013392866666666664,0.40625,-0.2023005740411841
full-002,objective_score,contrast,T10_vs_A,60,-0.016207016666666664,-0.05514883333333333,0.02091601666666667,0.4326171875,-0.18154392984885784
full-002,objective_score,contrast,T10_vs_B,60,-0.036742733333333326,-0.07642863333333333,-0.0019841166666666613,0.0859375,-0.41843086024650933
full-002,objective_score,contrast,T10_vs_D,60,-0.024007949999999997,-0.06438498333333333,0.014146816666666673,0.265625,-0.25324906602679004
full-002,objective_score,contrast,T11_vs_A,60,-0.05086313333333334,-0.12451396666666667,-0.003670633333333334,0.05078125,-0.33529879657003075
full-002,objective_score,contrast,T11_vs_B,60,-0.07139885,-0.14632945,-0.019504,0.00634765625,-0.46604460319932844
full-002,objective_score,contrast,T11_vs_D,60,-0.05866406666666667,-0.13316478333333331,-0.007275150000000005,0.0362548828125,-0.379295204393957
full-002,objective_score,contrast,T12_vs_A,60,0.02479166666666667,-0.0012499999999999998,0.05535713333333333,0.125,0.37551126066403084
full-002,objective_score,contrast,T12_vs_B,60,0.0042559500000000005,-0.016111116666666668,0.027063483333333332,0.734375,0.0830797650044751
full-002,objective_score,contrast,T12_vs_D,60,0.01699073333333333,0.0016666666666666663,0.03449073333333333,0.0703125,0.4367577256306168
full-002,objective_score,contrast,T13_vs_A,60,-0.007443783333333333,-0.03408403333333333,0.024133583333333337,0.66015625,-0.10674420907359349
full-002,objective_score,contrast,T13_vs_B,60,-0.027979499999999997,-0.04947088333333333,-0.0080754,0.017578125,-0.5802729473579777
full-002,objective_score,contrast,T13_vs_D,60,-0.015244716666666668,-0.04772821666666667,0.014011250000000003,0.375,-0.21362025009480118
full-002,objective_score,contrast,T14_vs_A,60,0.0175992,-0.01742066666666666,0.05507938333333333,0.390625,0.2052551285553208
full-002,objective_score,contrast,T14_vs_B,60,-0.0029365166666666664,-0.03067463333333333,0.02507935,0.841796875,-0.04566637869445188
full-002,objective_score,contrast,T14_vs_D,60,0.009798266666666665,-0.011197116666666668,0.031177266666666658,0.396484375,0.19595875872812935
full-002,objective_score,contrast,T15_vs_A,60,0.010115733333333337,-0.024361766666666663,0.04642853333333334,0.6015625,0.12174509949977814
full-002,objective_score,contrast,T15_vs_B,60,-0.01041998333333333,-0.03758598333333333,0.016167316666666667,0.484375,-0.16235770311221234
full-002,objective_score,contrast,T15_vs_D,60,0.0023148,-0.024120366666666664,0.029537016666666673,0.8984375,0.036444610379396364
full-002,objective_score,contrast,T16_vs_A,60,0.011210333333333333,-0.00866068333333333,0.03242065,0.28125,0.23870302775544414
full-002,objective_score,contrast,T16_vs_B,60,-0.009325383333333333,-0.022976200000000002,0.003541666666666665,0.21875,-0.3002733203762576
full-002,objective_score,contrast,T16_vs_D,60,0.0034093999999999978,-0.023442433333333332,0.03125661666666666,0.818359375,0.05293665957627372
full-002,objective_score,contrast,T17_vs_A,60,0.0002678499999999991,-0.030694466666666663,0.028541666666666667,0.96875,0.0037732922564970065
full-002,objective_score,contrast,T17_vs_B,60,-0.02026786666666667,-0.05296628333333333,0.008015866666666666,0.232421875,-0.2835711608192013
full-002,objective_score,contrast,T17_vs_D,60,-0.007533083333333337,-0.0468254,0.027976183333333328,0.73828125,-0.0856191336715196
full-002,objective_score,contrast,T18_vs_A,60,-0.01628968333333334,-0.07122026666666667,0.023333333333333324,0.7080078125,-0.14330989004863826
full-002,objective_score,contrast,T18_vs_B,60,-0.0368254,-0.08701391666666666,-0.0019642833333333386,0.076171875,-0.35170794633747093
full-002,objective_score,contrast,T18_vs_D,60,-0.024090616666666672,-0.08285716666666666,0.02285384999999999,0.456298828125,-0.1954593719661444
full-002,objective_score,contrast,T19_vs_A,60,-0.008005950000000001,-0.05590278333333333,0.03420635,0.755859375,-0.07573184002996697
full-002,objective_score,contrast,T19_vs_B,60,-0.02854166666666667,-0.08012896666666666,0.016825399999999997,0.2890625,-0.25190623345539676
full-002,objective_score,contrast,T19_vs_D,60,-0.015806883333333334,-0.06854496666666667,0.02529098333333333,0.52734375,-0.14419365544281212
full-002,objective_score,contrast,T20_vs_A,60,-0.018012550000000002,-0.044500649999999996,0.008174616666666665,0.22265625,-0.2871917589398764
full-002,objective_score,contrast,T20_vs_B,60,-0.03854826666666667,-0.06457341666666667,-0.014232783333333337,0.009765625,-0.6504868188109298
full-002,objective_score,contrast,T20_vs_D,60,-0.025813483333333335,-0.05846228333333333,0.0014583333333333317,0.13671875,-0.3693900653830078
full-002,objective_score,contrast,T21_vs_A,60,-0.008250649999999998,-0.042384266666666656,0.024980216666666666,0.654296875,-0.10536952197581481
full-002,objective_score,contrast,T21_vs_B,60,-0.028786366666666667,-0.059580016666666666,-0.0009788499999999977,0.0791015625,-0.4158074277168506
full-002,objective_score,contrast,T21_vs_D,60,-0.016051583333333334,-0.054682533333333325,0.018194449999999997,0.42578125,-0.190583618124128
full-002,objective_score,contrast,T22_vs_A,60,-0.0059589833333333325,-0.04035713333333333,0.029735466666666665,0.75390625,-0.07206701631375437
full-002,objective_score,contrast,T22_vs_B,60,-0.026494699999999993,-0.06090606666666666,0.0049933999999999985,0.1484375,-0.34586441702027276
full-002,objective_score,contrast,T22_vs_D,60,-0.013759916666666669,-0.051428549999999996,0.022619066666666666,0.5078125,-0.15981650415698953
full-002,objective_score,contrast,T23_vs_A,60,0.009265883333333332,-0.02717265,0.04323418333333333,0.63671875,0.11168683927148605
full-002,objective_score,contrast,T23_vs_B,60,-0.011269833333333335,-0.043065483333333335,0.014553566666666665,0.50390625,-0.1709488606357162
full-002,objective_score,contrast,T23_vs_D,60,0.0014649499999999963,-0.03238093333333334,0.03497685,0.9453125,0.01845255340754159
full-002,objective_score,contrast,T24_vs_A,60,-0.016011933333333332,-0.04736115,0.010476166666666667,0.34375,-0.23838129221339385
full-002,objective_score,contrast,T24_vs_B,60,-0.03654765,-0.07238098333333333,-0.004325433333333331,0.0546875,-0.4541898074659958
full-002,objective_score,contrast,T24_vs_D,60,-0.023812866666666665,-0.06138558333333333,0.011345883333333332,0.2275390625,-0.2817823189465245
full-002,objective_score,contrast,T25_vs_A,60,-0.02441796666666667,-0.05127311666666666,-0.00042658333333333437,0.078125,-0.41383208645216923
full-002,objective_score,contrast,T25_vs_B,60,-0.04495368333333334,-0.07291659999999998,-0.02201388333333333,0.001953125,-0.7519729873463321
full-002,objective_score,contrast,T25_vs_D,60,-0.0322189,-0.07240405000000001,0.001835333333333329,0.12890625,-0.36857324054059276
full-002,objective_score,contrast,T26_vs_A,60,-0.007767850000000001,-0.046507900000000005,0.02757938333333333,0.703125,-0.08897256131025057
full-002,objective_score,contrast,T26_vs_B,60,-0.02830356666666667,-0.06666665,0.00479165,0.16015625,-0.33899431850580447
full-002,objective_score,contrast,T26_vs_D,60,-0.015568783333333332,-0.06499336666666668,0.02689811666666666,0.53515625,-0.1453761012094339
full-002,objective_score,contrast,B_vs_A,60,0.020535716666666665,-0.00166665,0.04345238333333333,0.109375,0.389707883242905
full-002,objective_score,contrast,D_vs_A,60,0.007800933333333335,-0.018680549999999997,0.03840936666666667,0.62890625,0.11795966040442404
full-002,objective_score,contrast,E01_vs_D,60,0.01351853333333333,-0.025793633333333336,0.05266865,0.5234375,0.15013330214190235
full-002,objective_score,contrast,E01_vs_T01,60,0.0050694666666666645,-0.030059516666666668,0.04073416666666666,0.77734375,0.06080793373367989
full-002,objective_score,contrast,E01_vs_A,60,0.021319466666666672,-0.009365066666666666,0.060119066666666665,0.34375,0.25887123054801864
full-002,objective_score,contrast,E02_vs_D,60,0.01246693333333333,-0.01626981666666667,0.03916663333333333,0.4375,0.19526146747444012
full-002,objective_score,contrast,E02_vs_T07,60,0.03746031666666665,-0.0012103000000000092,0.07996031666666667,0.09765625,0.38990709199826395
full-002,objective_score,contrast,E02_vs_A,60,0.020267866666666665,-0.0024305333333333357,0.046359149999999995,0.15625,0.35194295477283166
full-002,objective_score,contrast,E03_vs_D,60,0.019351849999999993,-0.0041203833333333315,0.04347221666666666,0.138671875,0.3414430872943961
full-002,objective_score,contrast,E03_vs_T10,60,0.04335979999999999,0.009603166666666668,0.08206355,0.029296875,0.5122205141584639
full-002,objective_score,contrast,E03_vs_A,60,0.027152783333333333,0.006696433333333335,0.04831348333333334,0.03125,0.5533550847736037
full-002,objective_score,contrast,E04_vs_D,60,0.009937166666666662,-0.0257176,0.042923283333333326,0.599609375,0.12482906588847661
full-002,objective_score,contrast,E04_vs_T13,60,0.02518188333333333,-0.012622350000000004,0.06457671666666667,0.224609375,0.28019730865695713
full-002,objective_score,contrast,E04_vs_A,60,0.017738099999999996,-0.011071433333333335,0.043849216666666656,0.24609375,0.27077794274628175
full-002,objective_score,contrast,E05_vs_D,60,0.0121759,-0.008888916666666665,0.03731478333333334,0.390625,0.2242625853426831
full-002,objective_score,contrast,E05_vs_T16,60,0.008766500000000003,-0.019044299999999997,0.03664348333333334,0.55078125,0.1355500298173698
full-002,objective_score,contrast,E05_vs_A,60,0.019976833333333336,-0.0067724999999999955,0.05013553333333333,0.19921875,0.2979976013745987
full-002,objective_score,contrast,E06_vs_D,60,-0.007787700000000003,-0.037787749999999995,0.019087316666666663,0.59765625,-0.1167297482146636
full-002,objective_score,contrast,E06_vs_T19,60,0.008019183333333334,-0.03874671666666667,0.06135253333333333,0.7763671875,0.06824474302094513
full-002,objective_score,contrast,E06_vs_A,60,1.323333333333454e-05,-0.0361905,0.033068816666666674,1.0,0.00015910868329541543
full-002,objective_score,contrast,E07_vs_D,60,-0.01632276666666667,-0.04611441666666667,0.011954349999999997,0.30078125,-0.24153716544878157
full-002,objective_score,contrast,E07_vs_T22,60,-0.0025628500000000015,-0.045406749999999996,0.038690449999999994,0.91064453125,-0.026031872430664856
full-002,objective_score,contrast,E07_vs_A,60,-0.008521833333333334,-0.030952399999999998,0.01147816666666666,0.46875,-0.17712458836006664
full-002,objective_score,contrast,E08_vs_D,60,0.002050266666666663,-0.026160733333333335,0.024837983333333327,0.8984375,0.033946877394642964
full-002,objective_score,contrast,E08_vs_T25,60,0.03426916666666666,0.005568783333333331,0.06617056666666668,0.046875,0.4774164806014199
full-002,objective_score,contrast,E08_vs_A,60,0.0098512,-0.01784725,0.04063498333333333,0.56640625,0.14390619548557565
full-002,judge_task_success,condition_mean,A,60,4.95,4.866666666666666,5.0,,
full-002,judge_task_success,condition_mean,B,60,4.883333333333334,4.75,5.0,,
full-002,judge_task_success,condition_mean,D,60,4.8,4.6,4.95,,
full-002,judge_task_success,condition_mean,T01,60,4.916666666666667,4.783333333333333,5.0,,
full-002,judge_task_success,condition_mean,T02,60,4.933333333333334,4.833333333333333,5.0,,
full-002,judge_task_success,condition_mean,T03,60,4.916666666666667,4.833333333333333,4.983333333333333,,
full-002,judge_task_success,condition_mean,T04,60,4.9,4.766666666666667,5.0,,
full-002,judge_task_success,condition_mean,T05,60,4.816666666666666,4.666666666666667,4.95,,
full-002,judge_task_success,condition_mean,T06,60,4.966666666666667,4.9,5.0,,
full-002,judge_task_success,condition_mean,T07,60,4.766666666666667,4.533333333333333,4.933333333333334,,
full-002,judge_task_success,condition_mean,T08,60,4.866666666666666,4.7,5.0,,
full-002,judge_task_success,condition_mean,T09,60,4.8,4.633333333333334,4.933333333333334,,
full-002,judge_task_success,condition_mean,T10,60,4.666666666666667,4.333333333333333,4.916666666666667,,
full-002,judge_task_success,condition_mean,T11,60,4.616666666666666,4.15,4.95,,
full-002,judge_task_success,condition_mean,T12,60,4.883333333333334,4.75,4.983333333333333,,
full-002,judge_task_success,condition_mean,T13,60,4.8,4.6,4.95,,
full-002,judge_task_success,condition_mean,T14,60,4.933333333333334,4.85,5.0,,
full-002,judge_task_success,condition_mean,T15,60,4.9,4.783333333333333,4.983333333333333,,
full-002,judge_task_success,condition_mean,T16,60,4.866666666666666,4.733333333333333,4.966666666666667,,
full-002,judge_task_success,condition_mean,T17,60,4.883333333333334,4.733333333333333,4.983333333333333,,
full-002,judge_task_success,condition_mean,T18,60,4.75,4.433333333333334,4.983333333333333,,
full-002,judge_task_success,condition_mean,T19,60,4.766666666666667,4.533333333333333,4.95,,
full-002,judge_task_success,condition_mean,T20,60,4.8,4.666666666666667,4.916666666666667,,
full-002,judge_task_success,condition_mean,T21,60,4.816666666666666,4.633333333333334,4.95,,
full-002,judge_task_success,condition_mean,T22,60,4.916666666666667,4.833333333333333,4.983333333333333,,
full-002,judge_task_success,condition_mean,T23,60,4.883333333333334,4.716666666666667,5.0,,
full-002,judge_task_success,condition_mean,T24,60,4.816666666666666,4.583333333333333,4.983333333333333,,
full-002,judge_task_success,condition_mean,T25,60,4.833333333333333,4.65,4.966666666666667,,
full-002,judge_task_success,condition_mean,T26,60,4.783333333333333,4.55,4.983333333333333,,
full-002,judge_task_success,condition_mean,E01,60,4.8,4.6,4.983333333333333,,
full-002,judge_task_success,condition_mean,E02,60,4.9,4.766666666666667,5.0,,
full-002,judge_task_success,condition_mean,E03,60,4.883333333333334,4.783333333333333,4.966666666666667,,
full-002,judge_task_success,condition_mean,E04,60,5.0,5.0,5.0,,
full-002,judge_task_success,condition_mean,E05,60,4.883333333333334,4.766666666666667,4.983333333333333,,
full-002,judge_task_success,condition_mean,E06,60,4.85,4.65,5.0,,
full-002,judge_task_success,condition_mean,E07,60,4.75,4.55,4.933333333333334,,
full-002,judge_task_success,condition_mean,E08,60,4.916666666666667,4.766666666666667,5.0,,
full-002,judge_task_success,contrast,T01_vs_A,60,-0.03333333333333333,-0.13333333333333333,0.06666666666666667,1.0,-0.12689245413047318
full-002,judge_task_success,contrast,T01_vs_B,60,0.03333333333333333,-0.03333333333333333,0.11666666666666667,0.75,0.18099342720014777
full-002,judge_task_success,contrast,T01_vs_D,60,0.11666666666666667,0.0,0.26666666666666666,0.25,0.3542198443244076
full-002,judge_task_success,contrast,T02_vs_A,60,-0.016666666666666666,-0.13333333333333333,0.1,1.0,-0.060563633212957664
full-002,judge_task_success,contrast,T02_vs_B,60,0.05,-0.1,0.21666666666666665,0.75,0.13196000134583774
full-002,judge_task_success,contrast,T02_vs_D,60,0.13333333333333333,-0.06666666666666667,0.35,0.3125,0.27296484008305655
full-002,judge_task_success,contrast,T03_vs_A,60,-0.03333333333333333,-0.08333333333333333,0.0,0.5,-0.3248931448269655
full-002,judge_task_success,contrast,T03_vs_B,60,0.03333333333333333,-0.08333333333333333,0.15000000000000002,0.8125,0.11733761520513779
full-002,judge_task_success,contrast,T03_vs_D,60,0.11666666666666667,0.016666666666666666,0.25,0.125,0.4306485427012116
full-002,judge_task_success,contrast,T04_vs_A,60,-0.05,-0.16666666666666669,0.03333333333333333,0.75,-0.20129909839395213
full-002,judge_task_success,contrast,T04_vs_B,60,0.016666666666666666,-0.11666666666666665,0.16666666666666666,1.0,0.0500659196067405
full-002,judge_task_success,contrast,T04_vs_D,60,0.1,-0.08333333333333334,0.2833333333333333,0.40625,0.23795486243464617
full-002,judge_task_success,contrast,T05_vs_A,60,-0.13333333333333333,-0.25,-0.05,0.03125,-0.5305482838361477
full-002,judge_task_success,contrast,T05_vs_B,60,-0.06666666666666667,-0.24999999999999994,0.09999999999999999,0.59375,-0.16715614398097442
full-002,judge_task_success,contrast,T05_vs_D,60,0.016666666666666666,-0.1,0.13333333333333333,1.0,0.06056363321295765
full-002,judge_task_success,contrast,T06_vs_A,60,0.016666666666666666,-0.08333333333333333,0.11666666666666665,1.0,0.07285096135146332
full-002,judge_task_success,contrast,T06_vs_B,60,0.08333333333333333,0.0,0.21666666666666665,0.5,0.31790537866987095
full-002,judge_task_success,contrast,T06_vs_D,60,0.16666666666666666,-0.016666666666666663,0.36666666666666664,0.15625,0.36839419880650365
full-002,judge_task_success,contrast,T07_vs_A,60,-0.18333333333333332,-0.3666666666666666,-0.03333333333333334,0.078125,-0.47995908309238794
full-002,judge_task_success,contrast,T07_vs_B,60,-0.11666666666666667,-0.35,0.08333333333333333,0.421875,-0.23388106491642183
full-002,judge_task_success,contrast,T07_vs_D,60,-0.03333333333333333,-0.25,0.18333333333333332,0.890625,-0.06586273258360145
full-002,judge_task_success,contrast,T08_vs_A,60,-0.08333333333333333,-0.2666666666666666,0.06666666666666667,0.5,-0.22360679774997894
full-002,judge_task_success,contrast,T08_vs_B,60,-0.016666666666666666,-0.2,0.16666666666666666,1.0,-0.03796812016297576
full-002,judge_task_success,contrast,T08_vs_D,60,0.06666666666666667,-0.15,0.2666666666666667,0.671875,0.1326370709590369
full-002,judge_task_success,contrast,T09_vs_A,60,-0.15,-0.33333333333333326,0.016666666666666663,0.15625,-0.3778417373433806
full-002,judge_task_success,contrast,T09_vs_B,60,-0.08333333333333333,-0.26666666666666666,0.08333333333333334,0.5,-0.19978980551207962
full-002,judge_task_success,contrast,T09_vs_D,60,0.0,-0.23333333333333334,0.21666666666666673,1.0,3.0797434617380486e-17
full-002,judge_task_success,contrast,T10_vs_A,60,-0.2833333333333333,-0.55,-0.06666666666666667,0.03125,-0.511104101405804
full-002,judge_task_success,contrast,T10_vs_B,60,-0.21666666666666667,-0.5499999999999999,0.0,0.25,-0.3326376844005964
full-002,judge_task_success,contrast,T10_vs_D,60,-0.13333333333333333,-0.4,0.11666666666666665,0.40625,-0.22360679774997896
full-002,judge_task_success,contrast,T11_vs_A,60,-0.3333333333333333,-0.7999999999999999,-0.03333333333333333,0.0625,-0.36074504334969026
full-002,judge_task_success,contrast,T11_vs_B,60,-0.26666666666666666,-0.7666666666666666,0.06666666666666668,0.4375,-0.26496764367370473
full-002,judge_task_success,contrast,T11_vs_D,60,-0.18333333333333332,-0.65,0.13333333333333336,0.640625,-0.18780723013752704
full-002,judge_task_success,contrast,T12_vs_A,60,-0.06666666666666667,-0.13333333333333333,-0.016666666666666666,0.125,-0.4873397172404483
full-002,judge_task_success,contrast,T12_vs_B,60,0.0,-0.16666666666666666,0.16666666666666666,1.0,1.4817422638912102e-17
full-002,judge_task_success,contrast,T12_vs_D,60,0.08333333333333333,-0.016666666666666666,0.19999999999999998,0.25,0.34899122022605644
full-002,judge_task_success,contrast,T13_vs_A,60,-0.15,-0.3166666666666667,-0.03333333333333333,0.125,-0.42854585672089884
full-002,judge_task_success,contrast,T13_vs_B,60,-0.08333333333333333,-0.25,0.08333333333333334,0.5,-0.2147475374815016
full-002,judge_task_success,contrast,T13_vs_D,60,0.0,-0.1,0.09999999999999999,1.0,0.0
full-002,judge_task_success,contrast,T14_vs_A,60,-0.016666666666666666,-0.09999999999999999,0.08333333333333333,1.0,-0.08267123063134307
full-002,judge_task_success,contrast,T14_vs_B,60,0.05,-0.05,0.18333333333333332,0.625,0.1714101610143608
full-002,judge_task_success,contrast,T14_vs_D,60,0.13333333333333333,0.0,0.3,0.1875,0.38230072737812854
full-002,judge_task_success,contrast,T15_vs_A,60,-0.05,-0.18333333333333332,0.06666666666666667,0.625,-0.1714101610143608
full-002,judge_task_success,contrast,T15_vs_B,60,0.016666666666666666,-0.15,0.18333333333333332,1.0,0.043632643917489826
full-002,judge_task_success,contrast,T15_vs_D,60,0.1,-0.09999999999999999,0.3,0.46875,0.21157598612734663
full-002,judge_task_success,contrast,T16_vs_A,60,-0.08333333333333333,-0.19999999999999998,0.016666666666666666,0.25,-0.34899122022605644
full-002,judge_task_success,contrast,T16_vs_B,60,-0.016666666666666666,-0.15,0.1,1.0,-0.056367167084071315
full-002,judge_task_success,contrast,T16_vs_D,60,0.06666666666666667,-0.09999999999999999,0.26666666666666666,0.625,0.1560736183952123
full-002,judge_task_success,contrast,T17_vs_A,60,-0.06666666666666667,-0.23333333333333334,0.08333333333333333,0.625,-0.18099342720014774
full-002,judge_task_success,contrast,T17_vs_B,60,0.0,-0.19999999999999998,0.18333333333333335,1.0,1.2098374922832816e-17
full-002,judge_task_success,contrast,T17_vs_D,60,0.08333333333333333,-0.15,0.31666666666666665,0.609375,0.15148220985773095
full-002,judge_task_success,contrast,T18_vs_A,60,-0.2,-0.5333333333333333,0.05,0.3125,-0.2874172848876246
full-002,judge_task_success,contrast,T18_vs_B,60,-0.13333333333333333,-0.4666666666666666,0.11666666666666667,0.59375,-0.19161152325841632
full-002,judge_task_success,contrast,T18_vs_D,60,-0.05,-0.4333333333333333,0.2833333333333333,0.875,-0.059550368351509765
full-002,judge_task_success,contrast,T19_vs_A,60,-0.18333333333333332,-0.4166666666666667,-0.03333333333333333,0.0625,-0.39439578837639644
full-002,judge_task_success,contrast,T19_vs_B,60,-0.11666666666666667,-0.39999999999999997,0.11666666666666665,0.5,-0.19605944598101233
full-002,judge_task_success,contrast,T19_vs_D,60,-0.03333333333333333,-0.3,0.18333333333333335,0.921875,-0.05835253140307584
full-002,judge_task_success,contrast,T20_vs_A,60,-0.15,-0.26666666666666666,-0.05,0.03125,-0.5927645932524129
full-002,judge_task_success,contrast,T20_vs_B,60,-0.08333333333333333,-0.21666666666666665,0.03333333333333333,0.375,-0.27458482368263804
full-002,judge_task_success,contrast,T20_vs_D,60,0.0,-0.16666666666666666,0.18333333333333332,1.0,2.7436535411859336e-17
full-002,judge_task_success,contrast,T21_vs_A,60,-0.13333333333333333,-0.31666666666666665,0.016666666666666677,0.21875,-0.336797915404617
full-002,judge_task_success,contrast,T21_vs_B,60,-0.06666666666666667,-0.25,0.11666666666666665,0.625,-0.1560736183952123
full-002,judge_task_success,contrast,T21_vs_D,60,0.016666666666666666,-0.19999999999999998,0.2,1.0,0.03585416257967241
full-002,judge_task_success,contrast,T22_vs_A,60,-0.03333333333333333,-0.13333333333333333,0.06666666666666667,0.75,-0.13923991921155668
full-002,judge_task_success,contrast,T22_vs_B,60,0.03333333333333333,-0.08333333333333333,0.15,0.8125,0.11733761520513779
full-002,judge_task_success,contrast,T22_vs_D,60,0.11666666666666667,-0.03333333333333333,0.2833333333333333,0.25,0.3079066698069547
full-002,judge_task_success,contrast,T23_vs_A,60,-0.06666666666666667,-0.2333333333333333,0.06666666666666667,0.625,-0.18933847100833362
full-002,judge_task_success,contrast,T23_vs_B,60,0.0,-0.18333333333333335,0.16666666666666669,1.0,1.3253105708780713e-17
full-002,judge_task_success,contrast,T23_vs_D,60,0.08333333333333333,-0.11666666666666665,0.26666666666666666,0.53125,0.18757714462371256
full-002,judge_task_success,contrast,T24_vs_A,60,-0.13333333333333333,-0.31666666666666665,0.0,0.25,-0.3501151884184551
full-002,judge_task_success,contrast,T24_vs_B,60,-0.06666666666666667,-0.3333333333333333,0.16666666666666666,0.71875,-0.11330418279056528
full-002,judge_task_success,contrast,T24_vs_D,60,0.016666666666666666,-0.19999999999999998,0.2333333333333333,1.0,0.033255633149962584
full-002,judge_task_success,contrast,T25_vs_A,60,-0.11666666666666667,-0.28333333333333327,0.0,0.1875,-0.3542198443244076
full-002,judge_task_success,contrast,T25_vs_B,60,-0.05,-0.21666666666666665,0.1,0.6875,-0.13768758621203214
full-002,judge_task_success,contrast,T25_vs_D,60,0.03333333333333333,-0.16666666666666669,0.23333333333333334,0.875,0.07089749661627713
full-002,judge_task_success,contrast,T26_vs_A,60,-0.16666666666666666,-0.4,0.0,0.25,-0.3489912202260564
full-002,judge_task_success,contrast,T26_vs_B,60,-0.1,-0.31666666666666665,0.1,0.4375,-0.20624575979359144
full-002,judge_task_success,contrast,T26_vs_D,60,-0.016666666666666666,-0.2833333333333334,0.23333333333333334,1.0,-0.026636153815204157
full-002,judge_task_success,contrast,B_vs_A,60,-0.06666666666666667,-0.21666666666666665,0.06666666666666667,0.5,-0.21020477280886823
full-002,judge_task_success,contrast,D_vs_A,60,-0.15,-0.29999999999999993,-0.03333333333333333,0.0625,-0.47643588282420324
full-002,judge_task_success,contrast,E01_vs_D,60,0.0,-0.13333333333333336,0.11666666666666665,1.0,0.0
full-002,judge_task_success,contrast,E01_vs_T01,60,-0.11666666666666667,-0.24999999999999994,-0.016666666666666666,0.125,-0.43064854270121167
full-002,judge_task_success,contrast,E01_vs_A,60,-0.15,-0.33333333333333326,-0.016666666666666666,0.125,-0.40944726012458477
full-002,judge_task_success,contrast,E02_vs_D,60,0.1,0.016666666666666666,0.2166666666666667,0.125,0.4094472601245847
full-002,judge_task_success,contrast,E02_vs_T07,60,0.13333333333333333,-0.05000000000000001,0.3333333333333333,0.25,0.29556102895862385
full-002,judge_task_success,contrast,E02_vs_A,60,-0.05,-0.13333333333333333,0.0,0.5,-0.3065225015493055
full-002,judge_task_success,contrast,E03_vs_D,60,0.08333333333333333,-0.03333333333333333,0.2333333333333333,0.375,0.25865306580573183
full-002,judge_task_success,contrast,E03_vs_T10,60,0.21666666666666667,-0.016666666666666666,0.5333333333333334,0.25,0.31968117471807433
full-002,judge_task_success,contrast,E03_vs_A,60,-0.06666666666666667,-0.16666666666666669,0.05,0.40625,-0.26049403612586386
full-002,judge_task_success,contrast,E04_vs_D,60,0.2,0.03333333333333333,0.3833333333333333,0.0625,0.4873397172404482
full-002,judge_task_success,contrast,E04_vs_T13,60,0.2,0.05,0.4,0.0625,0.4712514425207864
full-002,judge_task_success,contrast,E04_vs_A,60,0.05,0.0,0.13333333333333333,0.5,0.3065225015493055
full-002,judge_task_success,contrast,E05_vs_D,60,0.08333333333333333,-0.03333333333333334,0.2,0.3125,0.29387690682262935
full-002,judge_task_success,contrast,E05_vs_T16,60,0.016666666666666666,-0.1333333333333333,0.15,1.0,0.05006591960674048
full-002,judge_task_success,contrast,E05_vs_A,60,-0.06666666666666667,-0.15,0.0,0.25,-0.3823007273781286
full-002,judge_task_success,contrast,E06_vs_D,60,0.05,-0.11666666666666667,0.2333333333333333,0.765625,0.11829392780339777
full-002,judge_task_success,contrast,E06_vs_T19,60,0.08333333333333333,-0.16666666666666669,0.36666666666666664,0.6875,0.132392126943987
full-002,judge_task_success,contrast,E06_vs_A,60,-0.1,-0.2833333333333333,0.05,0.375,-0.24624844745163457
full-002,judge_task_success,contrast,E07_vs_D,60,-0.05,-0.18333333333333335,0.06666666666666667,0.625,-0.1714101610143608
full-002,judge_task_success,contrast,E07_vs_T22,60,-0.16666666666666666,-0.3500000000000001,0.0,0.125,-0.3914406806294065
full-002,judge_task_success,contrast,E07_vs_A,60,-0.2,-0.3833333333333333,-0.05,0.03125,-0.5251727826276826
full-002,judge_task_success,contrast,E08_vs_D,60,0.11666666666666667,0.016666666666666666,0.25,0.125,0.43064854270121167
full-002,judge_task_success,contrast,E08_vs_T25,60,0.08333333333333333,-0.11666666666666665,0.3,0.5625,0.1686508635390139
full-002,judge_task_success,contrast,E08_vs_A,60,-0.03333333333333333,-0.16666666666666666,0.08333333333333333,0.75,-0.11733761520513784
full-002,judge_thoroughness,condition_mean,A,60,4.416666666666667,4.166666666666667,4.65,,
full-002,judge_thoroughness,condition_mean,B,60,4.466666666666667,4.266666666666667,4.666666666666667,,
full-002,judge_thoroughness,condition_mean,D,60,4.6,4.316666666666666,4.85,,
full-002,judge_thoroughness,condition_mean,T01,60,4.3,4.033333333333333,4.55,,
full-002,judge_thoroughness,condition_mean,T02,60,4.366666666666666,4.166666666666667,4.583333333333333,,
full-002,judge_thoroughness,condition_mean,T03,60,4.433333333333334,4.25,4.616666666666666,,
full-002,judge_thoroughness,condition_mean,T04,60,4.416666666666667,4.216666666666667,4.616666666666666,,
full-002,judge_thoroughness,condition_mean,T05,60,4.533333333333333,4.35,4.716666666666667,,
full-002,judge_thoroughness,condition_mean,T06,60,4.716666666666667,4.516666666666667,4.883333333333334,,
full-002,judge_thoroughness,condition_mean,T07,60,4.366666666666666,4.15,4.583333333333333,,
full-002,judge_thoroughness,condition_mean,T08,60,4.366666666666666,4.116666666666666,4.6,,
full-002,judge_thoroughness,condition_mean,T09,60,4.4,4.166666666666667,4.616666666666666,,
full-002,judge_thoroughness,condition_mean,T10,60,4.283333333333333,4.0,4.55,,
full-002,judge_thoroughness,condition_mean,T11,60,4.316666666666666,3.966666666666667,4.6,,
full-002,judge_thoroughness,condition_mean,T12,60,4.25,3.9,4.55,,
full-002,judge_thoroughness,condition_mean,T13,60,4.366666666666666,4.15,4.583333333333333,,
full-002,judge_thoroughness,condition_mean,T14,60,4.733333333333333,4.55,4.9,,
full-002,judge_thoroughness,condition_mean,T15,60,4.6,4.4,4.783333333333333,,
full-002,judge_thoroughness,condition_mean,T16,60,4.516666666666667,4.3,4.716666666666667,,
full-002,judge_thoroughness,condition_mean,T17,60,4.416666666666667,4.15,4.666666666666667,,
full-002,judge_thoroughness,condition_mean,T18,60,4.333333333333333,4.033333333333333,4.616666666666666,,
full-002,judge_thoroughness,condition_mean,T19,60,4.533333333333333,4.316666666666666,4.733333333333333,,
full-002,judge_thoroughness,condition_mean,T20,60,4.483333333333333,4.316666666666666,4.65,,
full-002,judge_thoroughness,condition_mean,T21,60,4.483333333333333,4.266666666666667,4.683333333333334,,
full-002,judge_thoroughness,condition_mean,T22,60,4.45,4.283333333333333,4.633333333333334,,
full-002,judge_thoroughness,condition_mean,T23,60,4.3,4.05,4.55,,
full-002,judge_thoroughness,condition_mean,T24,60,4.316666666666666,4.05,4.583333333333333,,
full-002,judge_thoroughness,condition_mean,T25,60,4.233333333333333,3.966666666666667,4.483333333333333,,
full-002,judge_thoroughness,condition_mean,T26,60,4.283333333333333,4.0,4.55,,
full-002,judge_thoroughness,condition_mean,E01,60,4.55,4.316666666666666,4.766666666666667,,
full-002,judge_thoroughness,condition_mean,E02,60,4.716666666666667,4.533333333333333,4.866666666666666,,
full-002,judge_thoroughness,condition_mean,E03,60,4.683333333333334,4.483333333333333,4.866666666666666,,
full-002,judge_thoroughness,condition_mean,E04,60,4.683333333333334,4.516666666666667,4.85,,
full-002,judge_thoroughness,condition_mean,E05,60,4.616666666666666,4.433333333333334,4.783333333333333,,
full-002,judge_thoroughness,condition_mean,E06,60,4.633333333333334,4.4,4.833333333333333,,
full-002,judge_thoroughness,condition_mean,E07,60,4.583333333333333,4.383333333333334,4.766666666666667,,
full-002,judge_thoroughness,condition_mean,E08,60,4.6,4.4,4.783333333333333,,
full-002,judge_thoroughness,contrast,T01_vs_A,60,-0.11666666666666667,-0.23333333333333334,0.0,0.12109375,-0.4306485427012116
full-002,judge_thoroughness,contrast,T01_vs_B,60,-0.16666666666666666,-0.3333333333333333,-0.03333333333333333,0.078125,-0.45444662957319304
full-002,judge_thoroughness,contrast,T01_vs_D,60,-0.3,-0.6666666666666667,0.06666666666666668,0.16015625,-0.35258106688213986
full-002,judge_thoroughness,contrast,T02_vs_A,60,-0.05,-0.21666666666666665,0.13333333333333333,0.712890625,-0.12689245413047312
full-002,judge_thoroughness,contrast,T02_vs_B,60,-0.1,-0.23333333333333334,0.03333333333333334,0.2734375,-0.3065225015493054
full-002,judge_thoroughness,contrast,T02_vs_D,60,-0.23333333333333334,-0.5,0.03333333333333334,0.1455078125,-0.3694729542600091
full-002,judge_thoroughness,contrast,T03_vs_A,60,0.016666666666666666,-0.16666666666666663,0.21666666666666665,1.0,0.03796812016297577
full-002,judge_thoroughness,contrast,T03_vs_B,60,-0.03333333333333333,-0.16666666666666669,0.1,0.8203125,-0.10331581342355484
full-002,judge_thoroughness,contrast,T03_vs_D,60,-0.16666666666666666,-0.4333333333333333,0.10000000000000002,0.2978515625,-0.26626213096882495
full-002,judge_thoroughness,contrast,T04_vs_A,60,0.0,-0.14999999999999997,0.14999999999999997,1.0,-8.115836623419884e-18
full-002,judge_thoroughness,contrast,T04_vs_B,60,-0.05,-0.19999999999999998,0.1,0.6875,-0.1442321729297219
full-002,judge_thoroughness,contrast,T04_vs_D,60,-0.18333333333333332,-0.4666666666666667,0.1,0.28515625,-0.27329719724997426
full-002,judge_thoroughness,contrast,T05_vs_A,60,0.11666666666666667,-0.06666666666666665,0.35,0.3984375,0.25234874788846395
full-002,judge_thoroughness,contrast,T05_vs_B,60,0.06666666666666667,-0.06666666666666667,0.21666666666666665,0.5126953125,0.1989556064385553
full-002,judge_thoroughness,contrast,T05_vs_D,60,-0.06666666666666667,-0.2833333333333333,0.18333333333333335,0.7060546875,-0.12183492931011204
full-002,judge_thoroughness,contrast,T06_vs_A,60,0.3,0.08333333333333333,0.55,0.03125,0.5251727826276826
full-002,judge_thoroughness,contrast,T06_vs_B,60,0.25,0.05000000000000001,0.4666666666666666,0.046875,0.5185247578740112
full-002,judge_thoroughness,contrast,T06_vs_D,60,0.11666666666666667,-0.1,0.3833333333333333,0.5,0.2028750034389056
full-002,judge_thoroughness,contrast,T07_vs_A,60,-0.05,-0.2333333333333334,0.16666666666666666,0.7587890625,-0.10814946338077026
full-002,judge_thoroughness,contrast,T07_vs_B,60,-0.1,-0.26666666666666666,0.05,0.341796875,-0.26582166394933543
full-002,judge_thoroughness,contrast,T07_vs_D,60,-0.23333333333333334,-0.5,0.03333333333333331,0.1376953125,-0.380809107459351
full-002,judge_thoroughness,contrast,T08_vs_A,60,-0.05,-0.16666666666666666,0.05,0.5625,-0.20129909839395216
full-002,judge_thoroughness,contrast,T08_vs_B,60,-0.1,-0.21666666666666665,5.551115123125783e-18,0.1875,-0.37438474117708037
full-002,judge_thoroughness,contrast,T08_vs_D,60,-0.23333333333333334,-0.55,0.1,0.2314453125,-0.3048182600447136
full-002,judge_thoroughness,contrast,T09_vs_A,60,-0.016666666666666666,-0.1833333333333333,0.16666666666666666,1.0,-0.0419824152603756
full-002,judge_thoroughness,contrast,T09_vs_B,60,-0.06666666666666667,-0.19999999999999998,0.06666666666666665,0.46484375,-0.223606797749979
full-002,judge_thoroughness,contrast,T09_vs_D,60,-0.2,-0.5,0.13333333333333336,0.29296875,-0.268611054750502
full-002,judge_thoroughness,contrast,T10_vs_A,60,-0.13333333333333333,-0.2833333333333333,-5.551115123125783e-18,0.1171875,-0.4253849796976628
full-002,judge_thoroughness,contrast,T10_vs_B,60,-0.18333333333333332,-0.35,-0.03333333333333334,0.05859375,-0.5004355401522703
full-002,judge_thoroughness,contrast,T10_vs_D,60,-0.31666666666666665,-0.6333333333333333,3.3306690738754695e-17,0.09375,-0.42055858137877233
full-002,judge_thoroughness,contrast,T11_vs_A,60,-0.1,-0.3833333333333333,0.15,0.5908203125,-0.16071968053094737
full-002,judge_thoroughness,contrast,T11_vs_B,60,-0.15,-0.4166666666666667,0.06666666666666667,0.34765625,-0.2646095205432854
full-002,judge_thoroughness,contrast,T11_vs_D,60,-0.2833333333333333,-0.6833333333333333,0.11666666666666665,0.218994140625,-0.3060573508559545
full-002,judge_thoroughness,contrast,T12_vs_A,60,-0.16666666666666666,-0.3666666666666667,0.04999999999999999,0.190185546875,-0.3403728228525089
full-002,judge_thoroughness,contrast,T12_vs_B,60,-0.21666666666666667,-0.5,0.033333333333333326,0.16845703125,-0.3526484942485076
full-002,judge_thoroughness,contrast,T12_vs_D,60,-0.35,-0.75,5.551115123125783e-18,0.1201171875,-0.38550814606781
full-002,judge_thoroughness,contrast,T13_vs_A,60,-0.05,-0.24999999999999994,0.14999999999999997,0.75146484375,-0.10814946338077022
full-002,judge_thoroughness,contrast,T13_vs_B,60,-0.1,-0.2666666666666667,0.06666666666666665,0.359375,-0.25547441275501365
full-002,judge_thoroughness,contrast,T13_vs_D,60,-0.23333333333333334,-0.5,0.03333333333333334,0.140380859375,-0.375012587905544
full-002,judge_thoroughness,contrast,T14_vs_A,60,0.31666666666666665,0.1,0.5666666666666667,0.015625,0.5801339901403746
full-002,judge_thoroughness,contrast,T14_vs_B,60,0.26666666666666666,0.08333333333333333,0.4666666666666667,0.025390625,0.5877538136452587
full-002,judge_thoroughness,contrast,T14_vs_D,60,0.13333333333333333,-0.08333333333333334,0.39999999999999997,0.421875,0.2399494896342928
full-002,judge_thoroughness,contrast,T15_vs_A,60,0.18333333333333332,0.01666666666666667,0.36666666666666664,0.08984375,0.4455692444960267
full-002,judge_thoroughness,contrast,T15_vs_B,60,0.13333333333333333,5.551115123125783e-18,0.2666666666666667,0.1171875,0.4253849796976627
full-002,judge_thoroughness,contrast,T15_vs_D,60,0.0,-0.25,0.3,1.0,-8.554842949272357e-18
full-002,judge_thoroughness,contrast,T16_vs_A,60,0.1,-0.05,0.2666666666666667,0.36328125,0.25547441275501365
full-002,judge_thoroughness,contrast,T16_vs_B,60,0.05,-0.08333333333333333,0.21666666666666662,0.68359375,0.1442321729297219
full-002,judge_thoroughness,contrast,T16_vs_D,60,-0.08333333333333333,-0.35,0.2333333333333333,0.68359375,-0.12520610071704044
full-002,judge_thoroughness,contrast,T17_vs_A,60,0.0,-0.14999999999999997,0.13333333333333333,1.0,0.0
full-002,judge_thoroughness,contrast,T17_vs_B,60,-0.05,-0.2166666666666667,0.11666666666666665,0.712890625,-0.1268924541304732
full-002,judge_thoroughness,contrast,T17_vs_D,60,-0.18333333333333332,-0.5166666666666667,0.15000000000000002,0.373046875,-0.22968142431937094
full-002,judge_thoroughness,contrast,T18_vs_A,60,-0.08333333333333333,-0.2666666666666666,0.08333333333333333,0.5078125,-0.2068641892469375
full-002,judge_thoroughness,contrast,T18_vs_B,60,-0.13333333333333333,-0.3333333333333333,0.05,0.27734375,-0.2955610289586238
full-002,judge_thoroughness,contrast,T18_vs_D,60,-0.26666666666666666,-0.6166666666666667,0.08333333333333334,0.189453125,-0.32489314482696546
full-002,judge_thoroughness,contrast,T19_vs_A,60,0.11666666666666667,-0.06666666666666665,0.31666666666666665,0.34765625,0.25954987196053914
full-002,judge_thoroughness,contrast,T19_vs_B,60,0.06666666666666667,-0.08333333333333333,0.21666666666666665,0.533203125,0.18933847100833362
full-002,judge_thoroughness,contrast,T19_vs_D,60,-0.06666666666666667,-0.31666666666666665,0.2333333333333334,0.7548828125,-0.10189462037419926
full-002,judge_thoroughness,contrast,T20_vs_A,60,0.06666666666666667,-0.08333333333333333,0.25,0.626953125,0.16715614398097436
full-002,judge_thoroughness,contrast,T20_vs_B,60,0.016666666666666666,-0.08333333333333333,0.13333333333333333,1.0,0.06586273258360144
full-002,judge_thoroughness,contrast,T20_vs_D,60,-0.11666666666666667,-0.33333333333333337,0.13333333333333336,0.4501953125,-0.2104546299906252
full-002,judge_thoroughness,contrast,T21_vs_A,60,0.06666666666666667,-0.14999999999999997,0.3166666666666667,0.767578125,0.11952286093343935
full-002,judge_thoroughness,contrast,T21_vs_B,60,0.016666666666666666,-0.15,0.2,1.0,0.04050629495418419
full-002,judge_thoroughness,contrast,T21_vs_D,60,-0.11666666666666667,-0.35,0.1333333333333333,0.435546875,-0.2104546299906252
full-002,judge_thoroughness,contrast,T22_vs_A,60,0.03333333333333333,-0.15,0.21666666666666665,0.859375,0.0798488505000197
full-002,judge_thoroughness,contrast,T22_vs_B,60,-0.016666666666666666,-0.15000000000000002,0.1,1.0,-0.05293732031380035
full-002,judge_thoroughness,contrast,T22_vs_D,60,-0.15,-0.36666666666666664,0.06666666666666668,0.26123046875,-0.2925664124142926
full-002,judge_thoroughness,contrast,T23_vs_A,60,-0.11666666666666667,-0.26666666666666666,0.03333333333333333,0.22265625,-0.33654173683601785
full-002,judge_thoroughness,contrast,T23_vs_B,60,-0.16666666666666666,-0.3333333333333333,-0.033333333333333326,0.08984375,-0.45444662957319304
full-002,judge_thoroughness,contrast,T23_vs_D,60,-0.3,-0.5833333333333333,-0.03333333333333334,0.0595703125,-0.469560545635163
full-002,judge_thoroughness,contrast,T24_vs_A,60,-0.1,-0.26666666666666666,0.05,0.328125,-0.27753743355992005
full-002,judge_thoroughness,contrast,T24_vs_B,60,-0.15,-0.31666666666666665,0.0,0.140625,-0.39269379525740844
full-002,judge_thoroughness,contrast,T24_vs_D,60,-0.2833333333333333,-0.6166666666666667,0.03333333333333334,0.1328125,-0.3770679216054901
full-002,judge_thoroughness,contrast,T25_vs_A,60,-0.18333333333333332,-0.4333333333333333,0.06666666666666668,0.22216796875,-0.31224650447834995
full-002,judge_thoroughness,contrast,T25_vs_B,60,-0.23333333333333334,-0.45,-0.03333333333333334,0.06884765625,-0.469697896252555
full-002,judge_thoroughness,contrast,T25_vs_D,60,-0.36666666666666664,-0.7,-0.03333333333333334,0.058837890625,-0.47522097021328075
full-002,judge_thoroughness,contrast,T26_vs_A,60,-0.13333333333333333,-0.25,-0.03333333333333333,0.0625,-0.4873397172404483
full-002,judge_thoroughness,contrast,T26_vs_B,60,-0.18333333333333332,-0.3333333333333333,-0.03333333333333334,0.044921875,-0.5237782693255432
full-002,judge_thoroughness,contrast,T26_vs_D,60,-0.31666666666666665,-0.65,0.03333333333333335,0.111328125,-0.40041469854238515
full-002,judge_thoroughness,contrast,B_vs_A,60,0.05,-0.03333333333333333,0.16666666666666669,0.75,0.20129909839395216
full-002,judge_thoroughness,contrast,D_vs_A,60,0.18333333333333332,-0.15000000000000002,0.5,0.353515625,0.24100807322426426
full-002,judge_thoroughness,contrast,E01_vs_D,60,-0.05,-0.18333333333333335,0.1333333333333333,0.75,-0.13196000134583766
full-002,judge_thoroughness,contrast,E01_vs_T01,60,0.25,-0.016666666666666677,0.5833333333333333,0.1591796875,0.3572281348081468
full-002,judge_thoroughness,contrast,E01_vs_A,60,0.13333333333333333,-0.09999999999999999,0.41666666666666663,0.43212890625,0.2236067977499789
full-002,judge_thoroughness,contrast,E02_vs_D,60,0.11666666666666667,-0.08333333333333334,0.35,0.421875,0.23388106491642177
full-002,judge_thoroughness,contrast,E02_vs_T07,60,0.35,0.18333333333333335,0.5499999999999999,0.00048828125,0.8506321940378687
full-002,judge_thoroughness,contrast,E02_vs_A,60,0.3,0.08333333333333333,0.55,0.03173828125,0.5251727826276825
full-002,judge_thoroughness,contrast,E03_vs_D,60,0.08333333333333333,-0.11666666666666667,0.33333333333333337,0.6875,0.1544970767803337
full-002,judge_thoroughness,contrast,E03_vs_T10,60,0.4,0.18333333333333332,0.65,0.001953125,0.7171371656006361
full-002,judge_thoroughness,contrast,E03_vs_A,60,0.26666666666666666,0.06666666666666668,0.5,0.0234375,0.5186776924763262
full-002,judge_thoroughness,contrast,E04_vs_D,60,0.08333333333333333,-0.08333333333333333,0.33333333333333337,0.734375,0.1647508942095828
full-002,judge_thoroughness,contrast,E04_vs_T13,60,0.31666666666666665,0.13333333333333333,0.5333333333333333,0.0059814453125,0.6812290890137755
full-002,judge_thoroughness,contrast,E04_vs_A,60,0.26666666666666666,0.06666666666666667,0.5166666666666667,0.037109375,0.49714632810141063
full-002,judge_thoroughness,contrast,E05_vs_D,60,0.016666666666666666,-0.16666666666666669,0.25,1.0,0.03405805572770062
full-002,judge_thoroughness,contrast,E05_vs_T16,60,0.1,-0.03333333333333333,0.2333333333333333,0.24609375,0.32489314482696546
full-002,judge_thoroughness,contrast,E05_vs_A,60,0.2,5.551115123125783e-18,0.4333333333333334,0.12109375,0.3997662868628988
full-002,judge_thoroughness,contrast,E06_vs_D,60,0.03333333333333333,-0.11666666666666667,0.2333333333333334,0.9375,0.07729710710819387
full-002,judge_thoroughness,contrast,E06_vs_T19,60,0.1,-0.08333333333333334,0.2833333333333333,0.40673828125,0.2304465015184908
full-002,judge_thoroughness,contrast,E06_vs_A,60,0.21666666666666667,-0.016666666666666642,0.4833333333333333,0.138671875,0.3767678635293962
full-002,judge_thoroughness,contrast,E07_vs_D,60,-0.016666666666666666,-0.21666666666666665,0.2166666666666667,1.0,-0.03180746123143671
full-002,judge_thoroughness,contrast,E07_vs_T22,60,0.13333333333333333,-0.06666666666666665,0.33333333333333337,0.27783203125,0.2874172848876246
full-002,judge_thoroughness,contrast,E07_vs_A,60,0.16666666666666666,-0.06666666666666668,0.4333333333333334,0.2998046875,0.27904991033687226
full-002,judge_thoroughness,contrast,E08_vs_D,60,0.0,-0.18333333333333332,0.2,1.0,0.0
full-002,judge_thoroughness,contrast,E08_vs_T25,60,0.36666666666666664,0.13333333333333333,0.6166666666666666,0.01171875,0.6661999653425342
full-002,judge_thoroughness,contrast,E08_vs_A,60,0.18333333333333332,-0.03333333333333333,0.45,0.22265625,0.32341163621957125
full-002,judge_constraint_adherence,condition_mean,A,60,4.883333333333334,4.733333333333333,5.0,,
full-002,judge_constraint_adherence,condition_mean,B,60,4.833333333333333,4.666666666666667,4.983333333333333,,
full-002,judge_constraint_adherence,condition_mean,D,60,4.766666666666667,4.516666666666667,4.966666666666667,,
full-002,judge_constraint_adherence,condition_mean,T01,60,4.866666666666666,4.65,5.0,,
full-002,judge_constraint_adherence,condition_mean,T02,60,4.866666666666666,4.733333333333333,4.983333333333333,,
full-002,judge_constraint_adherence,condition_mean,T03,60,4.866666666666666,4.733333333333333,4.983333333333333,,
full-002,judge_constraint_adherence,condition_mean,T04,60,4.85,4.7,4.983333333333333,,
full-002,judge_constraint_adherence,condition_mean,T05,60,4.766666666666667,4.566666666666666,4.933333333333334,,
full-002,judge_constraint_adherence,condition_mean,T06,60,4.933333333333334,4.816666666666666,5.0,,
full-002,judge_constraint_adherence,condition_mean,T07,60,4.733333333333333,4.483333333333333,4.933333333333334,,
full-002,judge_constraint_adherence,condition_mean,T08,60,4.733333333333333,4.55,4.9,,
full-002,judge_constraint_adherence,condition_mean,T09,60,4.35,4.1,4.583333333333333,,
full-002,judge_constraint_adherence,condition_mean,T10,60,4.65,4.283333333333333,4.916666666666667,,
full-002,judge_constraint_adherence,condition_mean,T11,60,4.766666666666667,4.516666666666667,4.95,,
full-002,judge_constraint_adherence,condition_mean,T12,60,4.883333333333334,4.733333333333333,5.0,,
full-002,judge_constraint_adherence,condition_mean,T13,60,4.7,4.45,4.9,,
full-002,judge_constraint_adherence,condition_mean,T14,60,4.883333333333334,4.75,5.0,,
full-002,judge_constraint_adherence,condition_mean,T15,60,4.866666666666666,4.7,5.0,,
full-002,judge_constraint_adherence,condition_mean,T16,60,4.816666666666666,4.65,4.95,,
full-002,judge_constraint_adherence,condition_mean,T17,60,4.9,4.816666666666666,4.966666666666667,,
full-002,judge_constraint_adherence,condition_mean,T18,60,4.9,4.75,5.0,,
full-002,judge_constraint_adherence,condition_mean,T19,60,4.75,4.466666666666667,4.95,,
full-002,judge_constraint_adherence,condition_mean,T20,60,4.733333333333333,4.533333333333333,4.9,,
full-002,judge_constraint_adherence,condition_mean,T21,60,4.833333333333333,4.683333333333334,4.966666666666667,,
full-002,judge_constraint_adherence,condition_mean,T22,60,4.866666666666666,4.733333333333333,4.966666666666667,,
full-002,judge_constraint_adherence,condition_mean,T23,60,4.9,4.75,5.0,,
full-002,judge_constraint_adherence,condition_mean,T24,60,4.833333333333333,4.6,4.983333333333333,,
full-002,judge_constraint_adherence,condition_mean,T25,60,4.783333333333333,4.55,4.966666666666667,,
full-002,judge_constraint_adherence,condition_mean,T26,60,4.8,4.55,5.0,,
full-002,judge_constraint_adherence,condition_mean,E01,60,4.766666666666667,4.483333333333333,5.0,,
full-002,judge_constraint_adherence,condition_mean,E02,60,4.816666666666666,4.583333333333333,4.983333333333333,,
full-002,judge_constraint_adherence,condition_mean,E03,60,4.8,4.616666666666666,4.95,,
full-002,judge_constraint_adherence,condition_mean,E04,60,5.0,5.0,5.0,,
full-002,judge_constraint_adherence,condition_mean,E05,60,4.816666666666666,4.65,4.95,,
full-002,judge_constraint_adherence,condition_mean,E06,60,4.8,4.516666666666667,4.983333333333333,,
full-002,judge_constraint_adherence,condition_mean,E07,60,4.683333333333334,4.416666666666667,4.916666666666667,,
full-002,judge_constraint_adherence,condition_mean,E08,60,4.883333333333334,4.683333333333334,5.0,,
full-002,judge_constraint_adherence,contrast,T01_vs_A,60,-0.016666666666666666,-0.13333333333333333,0.11666666666666667,1.0,-0.05293732031380035
full-002,judge_constraint_adherence,contrast,T01_vs_B,60,0.03333333333333333,-0.08333333333333333,0.16666666666666669,0.75,0.11733761520513782
full-002,judge_constraint_adherence,contrast,T01_vs_D,60,0.1,0.0,0.2333333333333333,0.25,0.37438474117708037
full-002,judge_constraint_adherence,contrast,T02_vs_A,60,-0.016666666666666666,-0.2,0.18333333333333332,1.0,-0.03796812016297576
full-002,judge_constraint_adherence,contrast,T02_vs_B,60,0.03333333333333333,-0.15,0.2333333333333333,0.859375,0.07497534111391513
full-002,judge_constraint_adherence,contrast,T02_vs_D,60,0.1,-0.13333333333333333,0.3666666666666667,0.59375,0.16580700049995173
full-002,judge_constraint_adherence,contrast,T03_vs_A,60,-0.016666666666666666,-0.06666666666666667,0.03333333333333333,1.0,-0.12689245413047315
full-002,judge_constraint_adherence,contrast,T03_vs_B,60,0.03333333333333333,-0.11666666666666667,0.18333333333333332,0.8125,0.09335735820102894
full-002,judge_constraint_adherence,contrast,T03_vs_D,60,0.1,-0.016666666666666666,0.26666666666666666,0.375,0.29095268575239974
full-002,judge_constraint_adherence,contrast,T04_vs_A,60,-0.03333333333333333,-0.18333333333333335,0.11666666666666667,0.875,-0.08934871726729449
full-002,judge_constraint_adherence,contrast,T04_vs_B,60,0.016666666666666666,-0.16666666666666666,0.21666666666666665,1.0,0.03796812016297575
full-002,judge_constraint_adherence,contrast,T04_vs_D,60,0.08333333333333333,-0.16666666666666666,0.36666666666666664,0.6875,0.13867504905630726
full-002,judge_constraint_adherence,contrast,T05_vs_A,60,-0.11666666666666667,-0.2833333333333333,0.0,0.25,-0.35421984432440773
full-002,judge_constraint_adherence,contrast,T05_vs_B,60,-0.06666666666666667,-0.25,0.11666666666666665,0.625,-0.1560736183952123
full-002,judge_constraint_adherence,contrast,T05_vs_D,60,0.0,-0.13333333333333333,0.13333333333333336,1.0,0.0
full-002,judge_constraint_adherence,contrast,T06_vs_A,60,0.05,-0.1,0.2,1.0,0.12689245413047318
full-002,judge_constraint_adherence,contrast,T06_vs_B,60,0.1,0.0,0.2333333333333333,0.25,0.3743847411770804
full-002,judge_constraint_adherence,contrast,T06_vs_D,60,0.16666666666666666,-0.06666666666666668,0.4333333333333333,0.3125,0.28867513459481287
full-002,judge_constraint_adherence,contrast,T07_vs_A,60,-0.15,-0.35,0.05,0.25,-0.3226874632170516
full-002,judge_constraint_adherence,contrast,T07_vs_B,60,-0.1,-0.36666666666666675,0.11666666666666667,0.5625,-0.17141016101436074
full-002,judge_constraint_adherence,contrast,T07_vs_D,60,-0.03333333333333333,-0.2833333333333333,0.26666666666666666,0.9375,-0.05144161306099908
full-002,judge_constraint_adherence,contrast,T08_vs_A,60,-0.15,-0.3666666666666666,0.05000000000000001,0.2421875,-0.31429363309631014
full-002,judge_constraint_adherence,contrast,T08_vs_B,60,-0.1,-0.3333333333333333,0.13333333333333333,0.51171875,-0.18456366115766215
full-002,judge_constraint_adherence,contrast,T08_vs_D,60,-0.03333333333333333,-0.3,0.2333333333333333,0.892578125,-0.0545715715948541
full-002,judge_constraint_adherence,contrast,T09_vs_A,60,-0.5333333333333333,-0.8166666666666667,-0.26666666666666666,0.0025634765625,-0.8173933374648146
full-002,judge_constraint_adherence,contrast,T09_vs_B,60,-0.48333333333333334,-0.7666666666666667,-0.2,0.00634765625,-0.7205107927499323
full-002,judge_constraint_adherence,contrast,T09_vs_D,60,-0.4166666666666667,-0.75,-0.06666666666666668,0.04058837890625,-0.520097239900544
full-002,judge_constraint_adherence,contrast,T10_vs_A,60,-0.23333333333333334,-0.5,-0.01666666666666667,0.125,-0.41445291374555104
full-002,judge_constraint_adherence,contrast,T10_vs_B,60,-0.18333333333333332,-0.5166666666666667,0.03333333333333333,0.375,-0.26322752164142643
full-002,judge_constraint_adherence,contrast,T10_vs_D,60,-0.11666666666666667,-0.4,0.14999999999999997,0.515625,-0.184264263343279
full-002,judge_constraint_adherence,contrast,T11_vs_A,60,-0.11666666666666667,-0.25,-0.016666666666666666,0.125,-0.4306485427012116
full-002,judge_constraint_adherence,contrast,T11_vs_B,60,-0.06666666666666667,-0.3166666666666667,0.13333333333333333,0.75,-0.12689245413047318
full-002,judge_constraint_adherence,contrast,T11_vs_D,60,0.0,-0.16666666666666669,0.16666666666666666,1.0,0.0
full-002,judge_constraint_adherence,contrast,T12_vs_A,60,0.0,-0.05,0.05,1.0,0.0
full-002,judge_constraint_adherence,contrast,T12_vs_B,60,0.05,-0.11666666666666667,0.2333333333333333,0.8125,0.12236719453237169
full-002,judge_constraint_adherence,contrast,T12_vs_D,60,0.11666666666666667,-0.016666666666666666,0.2833333333333333,0.25,0.3365417368360177
full-002,judge_constraint_adherence,contrast,T13_vs_A,60,-0.18333333333333332,-0.35000000000000003,-0.03333333333333334,0.0625,-0.47995908309238794
full-002,judge_constraint_adherence,contrast,T13_vs_B,60,-0.13333333333333333,-0.33333333333333337,0.06666666666666667,0.265625,-0.2874172848876245
full-002,judge_constraint_adherence,contrast,T13_vs_D,60,-0.06666666666666667,-0.25,0.11666666666666667,0.65625,-0.15129959109349977
full-002,judge_constraint_adherence,contrast,T14_vs_A,60,0.0,-0.13333333333333333,0.15,1.0,1.7109685898544714e-17
full-002,judge_constraint_adherence,contrast,T14_vs_B,60,0.05,-0.08333333333333333,0.2166666666666667,0.75,0.13768758621203214
full-002,judge_constraint_adherence,contrast,T14_vs_D,60,0.11666666666666667,-0.049999999999999996,0.3,0.25,0.28552345390886724
full-002,judge_constraint_adherence,contrast,T15_vs_A,60,-0.016666666666666666,-0.2,0.15000000000000002,1.0,-0.03917567409801552
full-002,judge_constraint_adherence,contrast,T15_vs_B,60,0.03333333333333333,-0.1833333333333333,0.23333333333333334,0.875,0.06909319320116614
full-002,judge_constraint_adherence,contrast,T15_vs_D,60,0.1,-0.14999999999999997,0.35,0.53125,0.17443350097772278
full-002,judge_constraint_adherence,contrast,T16_vs_A,60,-0.06666666666666667,-0.2333333333333333,0.1,0.5625,-0.18099342720014766
full-002,judge_constraint_adherence,contrast,T16_vs_B,60,-0.016666666666666666,-0.16666666666666666,0.13333333333333336,1.0,-0.04761620630232208
full-002,judge_constraint_adherence,contrast,T16_vs_D,60,0.05,-0.15000000000000002,0.31666666666666665,0.8125,0.09196180344995714
full-002,judge_constraint_adherence,contrast,T17_vs_A,60,0.016666666666666666,-0.11666666666666665,0.16666666666666669,1.0,0.0500659196067405
full-002,judge_constraint_adherence,contrast,T17_vs_B,60,0.06666666666666667,-0.06666666666666667,0.21666666666666665,0.53125,0.19895560643855534
full-002,judge_constraint_adherence,contrast,T17_vs_D,60,0.13333333333333333,-0.03333333333333333,0.35000000000000003,0.3125,0.2874172848876246
full-002,judge_constraint_adherence,contrast,T18_vs_A,60,0.016666666666666666,-0.18333333333333335,0.21666666666666665,1.0,0.03585416257967239
full-002,judge_constraint_adherence,contrast,T18_vs_B,60,0.06666666666666667,-0.1,0.24999999999999994,0.625,0.16715614398097436
full-002,judge_constraint_adherence,contrast,T18_vs_D,60,0.13333333333333333,-0.13333333333333336,0.4166666666666667,0.53125,0.20434833436620362
full-002,judge_constraint_adherence,contrast,T19_vs_A,60,-0.13333333333333333,-0.38333333333333336,0.0,0.5,-0.254867151585419
full-002,judge_constraint_adherence,contrast,T19_vs_B,60,-0.08333333333333333,-0.3833333333333334,0.15,0.75,-0.132392126943987
full-002,judge_constraint_adherence,contrast,T19_vs_D,60,-0.016666666666666666,-0.3166666666666667,0.2,1.0,-0.02746938508156552
full-002,judge_constraint_adherence,contrast,T20_vs_A,60,-0.15,-0.31666666666666665,-0.016666666666666666,0.125,-0.4285458567208988
full-002,judge_constraint_adherence,contrast,T20_vs_B,60,-0.1,-0.2166666666666667,0.0,0.1875,-0.3743847411770804
full-002,judge_constraint_adherence,contrast,T20_vs_D,60,-0.03333333333333333,-0.18333333333333338,0.15,0.8125,-0.08267123063134307
full-002,judge_constraint_adherence,contrast,T21_vs_A,60,-0.05,-0.2,0.1,0.625,-0.14423217292972187
full-002,judge_constraint_adherence,contrast,T21_vs_B,60,0.0,-0.15,0.15000000000000002,1.0,0.0
full-002,judge_constraint_adherence,contrast,T21_vs_D,60,0.06666666666666667,-0.11666666666666667,0.26666666666666666,0.625,0.15129959109349977
full-002,judge_constraint_adherence,contrast,T22_vs_A,60,-0.016666666666666666,-0.16666666666666669,0.13333333333333336,1.0,-0.04761620630232207
full-002,judge_constraint_adherence,contrast,T22_vs_B,60,0.03333333333333333,-0.11666666666666667,0.18333333333333332,0.8125,0.09335735820102897
full-002,judge_constraint_adherence,contrast,T22_vs_D,60,0.1,-0.1,0.3166666666666666,0.46875,0.2115759861273466
full-002,judge_constraint_adherence,contrast,T23_vs_A,60,0.016666666666666666,-0.06666666666666667,0.13333333333333336,1.0,0.06586273258360145
full-002,judge_constraint_adherence,contrast,T23_vs_B,60,0.06666666666666667,-0.05,0.2,0.5,0.223606797749979
full-002,judge_constraint_adherence,contrast,T23_vs_D,60,0.13333333333333333,0.0,0.2833333333333333,0.125,0.4021220308060408
full-002,judge_constraint_adherence,contrast,T24_vs_A,60,-0.05,-0.21666666666666665,0.11666666666666665,0.71875,-0.13196000134583769
full-002,judge_constraint_adherence,contrast,T24_vs_B,60,0.0,-0.2833333333333333,0.25000000000000006,1.0,0.0
full-002,judge_constraint_adherence,contrast,T24_vs_D,60,0.06666666666666667,-0.16666666666666669,0.35,0.75,0.10966000390158759
full-002,judge_constraint_adherence,contrast,T25_vs_A,60,-0.1,-0.35,0.1,0.625,-0.1883538649012452
full-002,judge_constraint_adherence,contrast,T25_vs_B,60,-0.05,-0.25,0.14999999999999997,0.765625,-0.10814946338077026
full-002,judge_constraint_adherence,contrast,T25_vs_D,60,0.016666666666666666,-0.2833333333333333,0.3166666666666667,1.0,0.0236464044330909
full-002,judge_constraint_adherence,contrast,T26_vs_A,60,-0.08333333333333333,-0.33333333333333337,0.11666666666666667,0.75,-0.15769942912909984
full-002,judge_constraint_adherence,contrast,T26_vs_B,60,-0.03333333333333333,-0.2,0.13333333333333333,1.0,-0.08267123063134309
full-002,judge_constraint_adherence,contrast,T26_vs_D,60,0.03333333333333333,-0.2666666666666667,0.3333333333333333,1.0,0.05006591960674048
full-002,judge_constraint_adherence,contrast,B_vs_A,60,-0.05,-0.2,0.1,0.75,-0.13768758621203214
full-002,judge_constraint_adherence,contrast,D_vs_A,60,-0.11666666666666667,-0.25,0.0,0.25,-0.3999570423668417
full-002,judge_constraint_adherence,contrast,E01_vs_D,60,0.0,-0.1,0.1,1.0,0.0
full-002,judge_constraint_adherence,contrast,E01_vs_T01,60,-0.1,-0.2333333333333333,0.0,0.25,-0.37438474117708037
full-002,judge_constraint_adherence,contrast,E01_vs_A,60,-0.11666666666666667,-0.29999999999999993,0.0,0.5,-0.3212710344947417
full-002,judge_constraint_adherence,contrast,E02_vs_D,60,0.05,0.0,0.13333333333333333,0.5,0.30652250154930555
full-002,judge_constraint_adherence,contrast,E02_vs_T07,60,0.08333333333333333,-0.21666666666666665,0.3333333333333333,0.6875,0.132392126943987
full-002,judge_constraint_adherence,contrast,E02_vs_A,60,-0.06666666666666667,-0.18333333333333332,0.0,0.5,-0.2874172848876245
full-002,judge_constraint_adherence,contrast,E03_vs_D,60,0.03333333333333333,-0.09999999999999999,0.2,0.8125,0.09335735820102899
full-002,judge_constraint_adherence,contrast,E03_vs_T10,60,0.15,-0.1,0.5166666666666666,0.5859375,0.20129909839395208
full-002,judge_constraint_adherence,contrast,E03_vs_A,60,-0.08333333333333333,-0.2333333333333334,0.08333333333333334,0.4375,-0.223606797749979
full-002,judge_constraint_adherence,contrast,E04_vs_D,60,0.23333333333333334,0.03333333333333333,0.4833333333333334,0.125,0.4394923514362387
full-002,judge_constraint_adherence,contrast,E04_vs_T13,60,0.3,0.1,0.55,0.03125,0.5559101947062252
full-002,judge_constraint_adherence,contrast,E04_vs_A,60,0.11666666666666667,0.0,0.26666666666666666,0.25,0.37501258790554387
full-002,judge_constraint_adherence,contrast,E05_vs_D,60,0.05,-0.13333333333333333,0.2333333333333333,0.75,0.11829392780339779
full-002,judge_constraint_adherence,contrast,E05_vs_T16,60,0.0,-0.2,0.18333333333333338,1.0,0.0
full-002,judge_constraint_adherence,contrast,E05_vs_A,60,-0.06666666666666667,-0.19999999999999998,0.03333333333333333,0.5,-0.2399494896342928
full-002,judge_constraint_adherence,contrast,E06_vs_D,60,0.03333333333333333,-0.15,0.2333333333333333,0.859375,0.07497534111391513
full-002,judge_constraint_adherence,contrast,E06_vs_T19,60,0.05,-0.2333333333333333,0.3833333333333334,0.84375,0.06948223452608183
full-002,judge_constraint_adherence,contrast,E06_vs_A,60,-0.08333333333333333,-0.2833333333333333,0.1,0.53125,-0.18225472069821186
full-002,judge_constraint_adherence,contrast,E07_vs_D,60,-0.08333333333333333,-0.21666666666666665,0.016666666666666666,0.375,-0.2938769068226294
full-002,judge_constraint_adherence,contrast,E07_vs_T22,60,-0.18333333333333332,-0.4,0.03333333333333334,0.15625,-0.36581196464958826
full-002,judge_constraint_adherence,contrast,E07_vs_A,60,-0.2,-0.4,-0.05,0.0625,-0.4712514425207863
full-002,judge_constraint_adherence,contrast,E08_vs_D,60,0.11666666666666667,-0.03333333333333333,0.2833333333333333,0.25,0.3079066698069547
full-002,judge_constraint_adherence,contrast,E08_vs_T25,60,0.1,-0.19999999999999998,0.39999999999999997,0.59375,0.14787497311118697
full-002,judge_constraint_adherence,contrast,E08_vs_A,60,0.0,-0.13333333333333333,0.15,1.0,1.7109685898544714e-17
full-002,judge_error_checking,condition_mean,A,60,3.783333333333333,3.4166666666666665,4.133333333333334,,
full-002,judge_error_checking,condition_mean,B,60,3.6333333333333333,3.2333333333333334,4.016666666666667,,
full-002,judge_error_checking,condition_mean,D,60,4.05,3.75,4.35,,
full-002,judge_error_checking,condition_mean,T01,60,3.6333333333333333,3.2333333333333334,4.016666666666667,,
full-002,judge_error_checking,condition_mean,T02,60,3.783333333333333,3.4166666666666665,4.15,,
full-002,judge_error_checking,condition_mean,T03,60,3.716666666666667,3.3666666666666667,4.066666666666666,,
full-002,judge_error_checking,condition_mean,T04,60,3.683333333333333,3.316666666666667,4.033333333333333,,
full-002,judge_error_checking,condition_mean,T05,60,3.8,3.5,4.116666666666666,,
full-002,judge_error_checking,condition_mean,T06,60,4.366666666666666,4.083333333333333,4.616666666666666,,
full-002,judge_error_checking,condition_mean,T07,60,3.6166666666666667,3.2333333333333334,3.9833333333333334,,
full-002,judge_error_checking,condition_mean,T08,60,3.75,3.35,4.133333333333334,,
full-002,judge_error_checking,condition_mean,T09,60,3.566666666666667,3.1666666666666665,3.966666666666667,,
full-002,judge_error_checking,condition_mean,T10,60,3.5166666666666666,3.0166666666666666,4.0,,
full-002,judge_error_checking,condition_mean,T11,60,3.433333333333333,2.95,3.9,,
full-002,judge_error_checking,condition_mean,T12,60,3.533333333333333,3.066666666666667,3.95,,
full-002,judge_error_checking,condition_mean,T13,60,3.65,3.283333333333333,4.016666666666667,,
full-002,judge_error_checking,condition_mean,T14,60,4.233333333333333,3.95,4.5,,
full-002,judge_error_checking,condition_mean,T15,60,3.8666666666666667,3.4833333333333334,4.233333333333333,,
full-002,judge_error_checking,condition_mean,T16,60,3.75,3.35,4.133333333333334,,
full-002,judge_error_checking,condition_mean,T17,60,3.716666666666667,3.316666666666667,4.066666666666666,,
full-002,judge_error_checking,condition_mean,T18,60,3.65,3.1666666666666665,4.083333333333333,,
full-002,judge_error_checking,condition_mean,T19,60,3.7333333333333334,3.3666666666666667,4.083333333333333,,
full-002,judge_error_checking,condition_mean,T20,60,3.7,3.3666666666666667,4.05,,
full-002,judge_error_checking,condition_mean,T21,60,3.8666666666666667,3.533333333333333,4.166666666666667,,
full-002,judge_error_checking,condition_mean,T22,60,3.783333333333333,3.4166666666666665,4.1,,
full-002,judge_error_checking,condition_mean,T23,60,3.8,3.35,4.233333333333333,,
full-002,judge_error_checking,condition_mean,T24,60,3.533333333333333,3.0833333333333335,3.966666666666667,,
full-002,judge_error_checking,condition_mean,T25,60,3.7,3.3,4.1,,
full-002,judge_error_checking,condition_mean,T26,60,3.6333333333333333,3.2333333333333334,4.033333333333333,,
full-002,judge_error_checking,condition_mean,E01,60,4.016666666666667,3.6333333333333333,4.383333333333334,,
full-002,judge_error_checking,condition_mean,E02,60,4.233333333333333,3.8833333333333333,4.55,,
full-002,judge_error_checking,condition_mean,E03,60,4.183333333333334,3.9,4.466666666666667,,
full-002,judge_error_checking,condition_mean,E04,60,4.266666666666667,4.033333333333333,4.5,,
full-002,judge_error_checking,condition_mean,E05,60,4.166666666666667,3.8833333333333333,4.45,,
full-002,judge_error_checking,condition_mean,E06,60,4.15,3.8,4.483333333333333,,
full-002,judge_error_checking,condition_mean,E07,60,4.033333333333333,3.6666666666666665,4.366666666666666,,
full-002,judge_error_checking,condition_mean,E08,60,4.1,3.716666666666667,4.466666666666667,,
full-002,judge_error_checking,contrast,T01_vs_A,60,-0.15,-0.3,1.6653345369377347e-17,0.1240234375,-0.40944726012458466
full-002,judge_error_checking,contrast,T01_vs_B,60,0.0,-0.16666666666666666,0.16666666666666669,1.0,0.0
full-002,judge_error_checking,contrast,T01_vs_D,60,-0.4166666666666667,-0.8666666666666668,-0.033333333333333326,0.083984375,-0.428415000523884
full-002,judge_error_checking,contrast,T02_vs_A,60,0.0,-0.16666666666666669,0.1833333333333333,1.0,-1.3718267705929668e-17
full-002,judge_error_checking,contrast,T02_vs_B,60,0.15,-0.049999999999999996,0.3333333333333333,0.19287109375,0.34171308146678187
full-002,judge_error_checking,contrast,T02_vs_D,60,-0.26666666666666666,-0.7166666666666665,0.16666666666666666,0.2962646484375,-0.2590524421240214
full-002,judge_error_checking,contrast,T03_vs_A,60,-0.06666666666666667,-0.2333333333333333,0.09999999999999999,0.56396484375,-0.1736626907505759
full-002,judge_error_checking,contrast,T03_vs_B,60,0.08333333333333333,-0.06666666666666667,0.25,0.4423828125,0.22360679774997894
full-002,judge_error_checking,contrast,T03_vs_D,60,-0.3333333333333333,-0.7666666666666666,0.049999999999999975,0.163543701171875,-0.34460121880225564
full-002,judge_error_checking,contrast,T04_vs_A,60,-0.1,-0.33333333333333337,0.13333333333333333,0.529541015625,-0.18099342720014772
full-002,judge_error_checking,contrast,T04_vs_B,60,0.05,-0.16666666666666666,0.26666666666666666,0.767578125,0.10023474210703791
full-002,judge_error_checking,contrast,T04_vs_D,60,-0.36666666666666664,-0.7833333333333333,0.01666666666666666,0.116180419921875,-0.3917541257728885
full-002,judge_error_checking,contrast,T05_vs_A,60,0.016666666666666666,-0.18333333333333335,0.2333333333333333,1.0,0.0340580557277006
full-002,judge_error_checking,contrast,T05_vs_B,60,0.16666666666666666,-0.04999999999999999,0.3833333333333333,0.20263671875,0.3323629285571269
full-002,judge_error_checking,contrast,T05_vs_D,60,-0.25,-0.6,0.08333333333333333,0.219970703125,-0.30652250154930544
full-002,judge_error_checking,contrast,T06_vs_A,60,0.5833333333333334,0.18333333333333335,1.0166666666666666,0.01806640625,0.5854771602331205
full-002,judge_error_checking,contrast,T06_vs_B,60,0.7333333333333333,0.3333333333333333,1.1666666666666665,0.002166748046875,0.7552956136638497
full-002,judge_error_checking,contrast,T06_vs_D,60,0.31666666666666665,0.13333333333333333,0.5166666666666666,0.00830078125,0.7004494776016248
full-002,judge_error_checking,contrast,T07_vs_A,60,-0.16666666666666666,-0.4333333333333334,0.1,0.31219482421875,-0.25865306580573183
full-002,judge_error_checking,contrast,T07_vs_B,60,-0.016666666666666666,-0.29999999999999993,0.26666666666666666,1.0,-0.025874418896015473
full-002,judge_error_checking,contrast,T07_vs_D,60,-0.43333333333333335,-0.8333333333333334,-0.06666666666666667,0.056610107421875,-0.47188646698690284
full-002,judge_error_checking,contrast,T08_vs_A,60,-0.03333333333333333,-0.15,0.08333333333333334,0.794921875,-0.11733761520513784
full-002,judge_error_checking,contrast,T08_vs_B,60,0.11666666666666667,-2.7755575615628915e-18,0.24999999999999994,0.146484375,0.3999570423668417
full-002,judge_error_checking,contrast,T08_vs_D,60,-0.3,-0.7666666666666665,0.10000000000000002,0.24334716796875,-0.289365370659086
full-002,judge_error_checking,contrast,T09_vs_A,60,-0.21666666666666667,-0.41666666666666663,-0.03333333333333333,0.062255859375,-0.48202119078385847
full-002,judge_error_checking,contrast,T09_vs_B,60,-0.06666666666666667,-0.2,0.06666666666666668,0.4921875,-0.21020477280886826
full-002,judge_error_checking,contrast,T09_vs_D,60,-0.48333333333333334,-0.9166666666666666,-0.08333333333333333,0.0477294921875,-0.4921173115403197
full-002,judge_error_checking,contrast,T10_vs_A,60,-0.26666666666666666,-0.5333333333333334,-0.03333333333333335,0.0625,-0.46107202537934633
full-002,judge_error_checking,contrast,T10_vs_B,60,-0.11666666666666667,-0.38333333333333336,0.11666666666666665,0.501953125,-0.19937990977065295
full-002,judge_error_checking,contrast,T10_vs_D,60,-0.5333333333333333,-1.0333333333333334,-0.09999999999999999,0.045684814453125,-0.48973687738721333
full-002,judge_error_checking,contrast,T11_vs_A,60,-0.35,-0.5833333333333334,-0.13333333333333333,0.009765625,-0.6541686862511087
full-002,judge_error_checking,contrast,T11_vs_B,60,-0.2,-0.3666666666666667,-0.05,0.046875,-0.5251727826276826
full-002,judge_error_checking,contrast,T11_vs_D,60,-0.6166666666666667,-1.1,-0.18333333333333338,0.02197265625,-0.5751908977131046
full-002,judge_error_checking,contrast,T12_vs_A,60,-0.25,-0.4166666666666667,-0.11666666666666665,0.00390625,-0.7009845293191768
full-002,judge_error_checking,contrast,T12_vs_B,60,-0.1,-0.3166666666666666,0.09999999999999999,0.453125,-0.21157598612734663
full-002,judge_error_checking,contrast,T12_vs_D,60,-0.5166666666666667,-1.0666666666666667,-0.050000000000000044,0.06884765625,-0.4445795842269521
full-002,judge_error_checking,contrast,T13_vs_A,60,-0.13333333333333333,-0.4,0.1333333333333333,0.406280517578125,-0.2165954298846436
full-002,judge_error_checking,contrast,T13_vs_B,60,0.016666666666666666,-0.25,0.3,1.0,0.025874418896015487
full-002,judge_error_checking,contrast,T13_vs_D,60,-0.4,-0.8,-0.05000000000000001,0.063507080078125,-0.45665806175502205
full-002,judge_error_checking,contrast,T14_vs_A,60,0.45,0.10000000000000002,0.8333333333333334,0.0389404296875,0.5190085692765555
full-002,judge_error_checking,contrast,T14_vs_B,60,0.6,0.2333333333333333,1.0166666666666668,0.0078125,0.6602857995674914
full-002,judge_error_checking,contrast,T14_vs_D,60,0.18333333333333332,-0.05000000000000001,0.41666666666666663,0.1893310546875,0.33586704692337477
full-002,judge_error_checking,contrast,T15_vs_A,60,0.08333333333333333,-0.18333333333333332,0.35,0.63720703125,0.13439061165833396
full-002,judge_error_checking,contrast,T15_vs_B,60,0.23333333333333334,-0.03333333333333333,0.5166666666666667,0.154541015625,0.36417177625549546
full-002,judge_error_checking,contrast,T15_vs_D,60,-0.18333333333333332,-0.5666666666666668,0.16666666666666663,0.40399169921875,-0.2162097245214312
full-002,judge_error_checking,contrast,T16_vs_A,60,-0.03333333333333333,-0.24999999999999994,0.18333333333333338,0.88671875,-0.06586273258360147
full-002,judge_error_checking,contrast,T16_vs_B,60,0.11666666666666667,-0.06666666666666667,0.3333333333333333,0.3955078125,0.239579368344038
full-002,judge_error_checking,contrast,T16_vs_D,60,-0.3,-0.7,0.05000000000000001,0.18115234375,-0.3391495562796208
full-002,judge_error_checking,contrast,T17_vs_A,60,-0.06666666666666667,-0.24999999999999994,0.10000000000000002,0.591796875,-0.16133008789520317
full-002,judge_error_checking,contrast,T17_vs_B,60,0.08333333333333333,-0.1,0.26666666666666666,0.5,0.19339486757189192
full-002,judge_error_checking,contrast,T17_vs_D,60,-0.3333333333333333,-0.7833333333333333,0.05000000000000003,0.1793365478515625,-0.3343122879619487
full-002,judge_error_checking,contrast,T18_vs_A,60,-0.13333333333333333,-0.4333333333333333,0.15,0.45654296875,-0.19641456209519112
full-002,judge_error_checking,contrast,T18_vs_B,60,0.016666666666666666,-0.23333333333333334,0.2833333333333333,1.0,0.027469385081565496
full-002,judge_error_checking,contrast,T18_vs_D,60,-0.4,-0.9166666666666666,0.09999999999999995,0.162109375,-0.3410667538946663
full-002,judge_error_checking,contrast,T19_vs_A,60,-0.05,-0.31666666666666665,0.19999999999999998,0.80810546875,-0.08402547684900531
full-002,judge_error_checking,contrast,T19_vs_B,60,0.1,-0.15000000000000002,0.35,0.53759765625,0.16853876591045144
full-002,judge_error_checking,contrast,T19_vs_D,60,-0.31666666666666665,-0.6000000000000001,-0.033333333333333326,0.06201171875,-0.4720587952499556
full-002,judge_error_checking,contrast,T20_vs_A,60,-0.08333333333333333,-0.2666666666666667,0.11666666666666667,0.52392578125,-0.18225472069821186
full-002,judge_error_checking,contrast,T20_vs_B,60,0.06666666666666667,-0.11666666666666665,0.2666666666666666,0.61993408203125,0.15129959109349977
full-002,judge_error_checking,contrast,T20_vs_D,60,-0.35,-0.7,-0.03333333333333332,0.0789794921875,-0.4425636141784257
full-002,judge_error_checking,contrast,T21_vs_A,60,0.08333333333333333,-0.13333333333333333,0.35,0.681640625,0.14863722029092835
full-002,judge_error_checking,contrast,T21_vs_B,60,0.23333333333333334,0.06666666666666667,0.4166666666666667,0.0302734375,0.5552280123475077
full-002,judge_error_checking,contrast,T21_vs_D,60,-0.18333333333333332,-0.4833333333333333,0.09999999999999998,0.28515625,-0.27329719724997426
full-002,judge_error_checking,contrast,T22_vs_A,60,0.0,-0.13333333333333333,0.13333333333333333,1.0,0.0
full-002,judge_error_checking,contrast,T22_vs_B,60,0.15,2.7755575615628915e-18,0.29999999999999993,0.10888671875,0.428545856720899
full-002,judge_error_checking,contrast,T22_vs_D,60,-0.26666666666666666,-0.6833333333333335,0.09999999999999998,0.2611083984375,-0.28938997300153513
full-002,judge_error_checking,contrast,T23_vs_A,60,0.016666666666666666,-0.14999999999999997,0.18333333333333332,1.0,0.04363264391748979
full-002,judge_error_checking,contrast,T23_vs_B,60,0.16666666666666666,-0.016666666666666684,0.33333333333333337,0.13525390625,0.39144068062940635
full-002,judge_error_checking,contrast,T23_vs_D,60,-0.25,-0.7666666666666668,0.16666666666666669,0.3720703125,-0.2290283557336544
full-002,judge_error_checking,contrast,T24_vs_A,60,-0.25,-0.4499999999999999,-0.06666666666666667,0.029541015625,-0.5627314338711378
full-002,judge_error_checking,contrast,T24_vs_B,60,-0.1,-0.3166666666666667,0.11666666666666667,0.48828125,-0.19238759578774045
full-002,judge_error_checking,contrast,T24_vs_D,60,-0.5166666666666667,-0.9999999999999998,-0.06666666666666667,0.05706787109375,-0.4696515751893062
full-002,judge_error_checking,contrast,T25_vs_A,60,-0.08333333333333333,-0.3999999999999999,0.23333333333333334,0.69476318359375,-0.11254628677422755
full-002,judge_error_checking,contrast,T25_vs_B,60,0.06666666666666667,-0.16666666666666669,0.29999999999999993,0.6904296875,0.1218349293101121
full-002,judge_error_checking,contrast,T25_vs_D,60,-0.35,-0.7666666666666667,0.06666666666666667,0.145782470703125,-0.35854107571709704
full-002,judge_error_checking,contrast,T26_vs_A,60,-0.15,-0.3833333333333334,0.05,0.2890625,-0.2862671510829305
full-002,judge_error_checking,contrast,T26_vs_B,60,0.0,-0.16666666666666666,0.15,1.0,1.4817422638912102e-17
full-002,judge_error_checking,contrast,T26_vs_D,60,-0.4166666666666667,-0.8333333333333334,-0.01666666666666667,0.0821533203125,-0.431088443009553
full-002,judge_error_checking,contrast,B_vs_A,60,-0.15,-0.3,0.0,0.109375,-0.42854585672089884
full-002,judge_error_checking,contrast,D_vs_A,60,0.26666666666666666,-0.1333333333333333,0.7166666666666667,0.28564453125,0.27130747904180474
full-002,judge_error_checking,contrast,E01_vs_D,60,-0.03333333333333333,-0.2333333333333333,0.15,0.8681640625,-0.07497534111391513
full-002,judge_error_checking,contrast,E01_vs_T01,60,0.38333333333333336,1.1102230246251566e-17,0.8,0.093994140625,0.41693234928584044
full-002,judge_error_checking,contrast,E01_vs_A,60,0.23333333333333334,-0.1333333333333333,0.6166666666666668,0.29449462890625,0.2633895756372989
full-002,judge_error_checking,contrast,E02_vs_D,60,0.18333333333333332,-0.04999999999999999,0.4166666666666667,0.19781494140625,0.3294628930889919
full-002,judge_error_checking,contrast,E02_vs_T07,60,0.6166666666666667,0.21666666666666665,1.0166666666666666,0.009765625,0.6528936172035378
full-002,judge_error_checking,contrast,E02_vs_A,60,0.45,0.03333333333333329,0.9166666666666667,0.088623046875,0.42188584218912795
full-002,judge_error_checking,contrast,E03_vs_D,60,0.13333333333333333,-0.03333333333333333,0.31666666666666665,0.22314453125,0.32489314482696546
full-002,judge_error_checking,contrast,E03_vs_T10,60,0.6666666666666666,0.21666666666666665,1.1666666666666665,0.0155029296875,0.5931710140017397
full-002,judge_error_checking,contrast,E03_vs_A,60,0.4,0.05,0.8166666666666667,0.07470703125,0.44019053304499434
full-002,judge_error_checking,contrast,E04_vs_D,60,0.21666666666666667,-0.01666666666666667,0.4499999999999999,0.1259765625,0.3908443128397325
full-002,judge_error_checking,contrast,E04_vs_T13,60,0.6166666666666667,0.3166666666666666,0.9333333333333332,0.0021209716796875,0.847430911426461
full-002,judge_error_checking,contrast,E04_vs_A,60,0.48333333333333334,0.18333333333333332,0.8333333333333333,0.0087890625,0.635384920318515
full-002,judge_error_checking,contrast,E05_vs_D,60,0.11666666666666667,-0.11666666666666665,0.33333333333333337,0.400390625,0.22360679774997896
full-002,judge_error_checking,contrast,E05_vs_T16,60,0.4166666666666667,0.15,0.7,0.01123046875,0.6432441730805576
full-002,judge_error_checking,contrast,E05_vs_A,60,0.38333333333333336,0.08333333333333334,0.7333333333333334,0.04345703125,0.49990053709867777
full-002,judge_error_checking,contrast,E06_vs_D,60,0.1,-0.1,0.3,0.44189453125,0.2115759861273466
full-002,judge_error_checking,contrast,E06_vs_T19,60,0.4166666666666667,0.05,0.8000000000000002,0.058990478515625,0.4711290872175374
full-002,judge_error_checking,contrast,E06_vs_A,60,0.36666666666666664,-0.08333333333333333,0.8666666666666668,0.1854248046875,0.3279182859266755
full-002,judge_error_checking,contrast,E07_vs_D,60,-0.016666666666666666,-0.21666666666666665,0.2,1.0,-0.03325563314996258
full-002,judge_error_checking,contrast,E07_vs_T22,60,0.25,-0.1833333333333333,0.7166666666666668,0.347930908203125,0.23366150977305886
full-002,judge_error_checking,contrast,E07_vs_A,60,0.25,-0.18333333333333332,0.7333333333333333,0.3638916015625,0.22791249839769853
full-002,judge_error_checking,contrast,E08_vs_D,60,0.05,-0.2833333333333333,0.31666666666666665,0.859375,0.07196304321058415
full-002,judge_error_checking,contrast,E08_vs_T25,60,0.4,0.03333333333333334,0.7833333333333334,0.06439208984375,0.45665806175502205
full-002,judge_error_checking,contrast,E08_vs_A,60,0.31666666666666665,-0.01666666666666667,0.7333333333333334,0.1622314453125,0.3564625924895722
full-002,judge_depth,condition_mean,A,60,4.116666666666666,3.8,4.433333333333334,,
full-002,judge_depth,condition_mean,B,60,4.15,3.85,4.45,,
full-002,judge_depth,condition_mean,D,60,4.166666666666667,3.85,4.466666666666667,,
full-002,judge_depth,condition_mean,T01,60,3.9833333333333334,3.65,4.316666666666666,,
full-002,judge_depth,condition_mean,T02,60,4.05,3.816666666666667,4.3,,
full-002,judge_depth,condition_mean,T03,60,4.066666666666666,3.783333333333333,4.35,,
full-002,judge_depth,condition_mean,T04,60,3.966666666666667,3.6666666666666665,4.283333333333333,,
full-002,judge_depth,condition_mean,T05,60,4.1,3.8333333333333335,4.383333333333334,,
full-002,judge_depth,condition_mean,T06,60,4.183333333333334,3.9166666666666665,4.433333333333334,,
full-002,judge_depth,condition_mean,T07,60,4.066666666666666,3.75,4.366666666666666,,
full-002,judge_depth,condition_mean,T08,60,3.966666666666667,3.6666666666666665,4.266666666666667,,
full-002,judge_depth,condition_mean,T09,60,4.0,3.683333333333333,4.3,,
full-002,judge_depth,condition_mean,T10,60,3.9166666666666665,3.5833333333333335,4.233333333333333,,
full-002,judge_depth,condition_mean,T11,60,3.8666666666666667,3.466666666666667,4.25,,
full-002,judge_depth,condition_mean,T12,60,3.9166666666666665,3.533333333333333,4.266666666666667,,
full-002,judge_depth,condition_mean,T13,60,4.05,3.7666666666666666,4.333333333333333,,
full-002,judge_depth,condition_mean,T14,60,4.366666666666666,4.1,4.616666666666666,,
full-002,judge_depth,condition_mean,T15,60,4.316666666666666,4.016666666666667,4.6,,
full-002,judge_depth,condition_mean,T16,60,4.083333333333333,3.7666666666666666,4.4,,
full-002,judge_depth,condition_mean,T17,60,4.016666666666667,3.6666666666666665,4.366666666666666,,
full-002,judge_depth,condition_mean,T18,60,3.8833333333333333,3.533333333333333,4.216666666666667,,
full-002,judge_depth,condition_mean,T19,60,4.133333333333334,3.816666666666667,4.433333333333334,,
full-002,judge_depth,condition_mean,T20,60,4.2,3.9166666666666665,4.466666666666667,,
full-002,judge_depth,condition_mean,T21,60,4.133333333333334,3.85,4.416666666666667,,
full-002,judge_depth,condition_mean,T22,60,4.116666666666666,3.85,4.383333333333334,,
full-002,judge_depth,condition_mean,T23,60,3.966666666666667,3.6333333333333333,4.316666666666666,,
full-002,judge_depth,condition_mean,T24,60,4.033333333333333,3.716666666666667,4.35,,
full-002,judge_depth,condition_mean,T25,60,3.95,3.6166666666666667,4.266666666666667,,
full-002,judge_depth,condition_mean,T26,60,3.933333333333333,3.65,4.216666666666667,,
full-002,judge_depth,condition_mean,E01,60,4.183333333333334,3.8666666666666667,4.483333333333333,,
full-002,judge_depth,condition_mean,E02,60,4.25,3.966666666666667,4.516666666666667,,
full-002,judge_depth,condition_mean,E03,60,4.166666666666667,3.9,4.416666666666667,,
full-002,judge_depth,condition_mean,E04,60,4.25,3.966666666666667,4.516666666666667,,
full-002,judge_depth,condition_mean,E05,60,4.2,3.9166666666666665,4.466666666666667,,
full-002,judge_depth,condition_mean,E06,60,4.2,3.9166666666666665,4.466666666666667,,
full-002,judge_depth,condition_mean,E07,60,4.116666666666666,3.8333333333333335,4.383333333333334,,
full-002,judge_depth,condition_mean,E08,60,4.183333333333334,3.8833333333333333,4.466666666666667,,
full-002,judge_depth,contrast,T01_vs_A,60,-0.13333333333333333,-0.2833333333333333,5.551115123125783e-18,0.13671875,-0.4021220308060409
full-002,judge_depth,contrast,T01_vs_B,60,-0.16666666666666666,-0.3333333333333333,-5.551115123125783e-18,0.099365234375,-0.43588989435406755
full-002,judge_depth,contrast,T01_vs_D,60,-0.18333333333333332,-0.45,0.08333333333333334,0.251953125,-0.29299769196724557
full-002,judge_depth,contrast,T02_vs_A,60,-0.06666666666666667,-0.2333333333333333,0.08333333333333333,0.560546875,-0.18099342720014777
full-002,judge_depth,contrast,T02_vs_B,60,-0.1,-0.26666666666666666,0.06666666666666665,0.341796875,-0.2658216639493354
full-002,judge_depth,contrast,T02_vs_D,60,-0.11666666666666667,-0.33333333333333326,0.13333333333333333,0.41748046875,-0.21895266101418026
full-002,judge_depth,contrast,T03_vs_A,60,-0.05,-0.18333333333333335,0.1,0.68359375,-0.14423217292972185
full-002,judge_depth,contrast,T03_vs_B,60,-0.08333333333333333,-0.20000000000000004,0.05,0.3408203125,-0.274584823682638
full-002,judge_depth,contrast,T03_vs_D,60,-0.1,-0.31666666666666665,0.13333333333333336,0.490234375,-0.18835386490124514
full-002,judge_depth,contrast,T04_vs_A,60,-0.15,-0.2833333333333334,-0.01666666666666667,0.07421875,-0.4764358828242031
full-002,judge_depth,contrast,T04_vs_B,60,-0.18333333333333332,-0.35,-0.03333333333333333,0.0693359375,-0.47995908309238805
full-002,judge_depth,contrast,T04_vs_D,60,-0.2,-0.41666666666666663,0.01666666666666667,0.12890625,-0.3907410541887957
full-002,judge_depth,contrast,T05_vs_A,60,-0.016666666666666666,-0.21666666666666665,0.16666666666666669,1.0,-0.036865761979032866
full-002,judge_depth,contrast,T05_vs_B,60,-0.05,-0.24999999999999994,0.14999999999999997,0.74609375,-0.11123565941165962
full-002,judge_depth,contrast,T05_vs_D,60,-0.06666666666666667,-0.2333333333333333,0.1,0.580078125,-0.16715614398097436
full-002,judge_depth,contrast,T06_vs_A,60,0.06666666666666667,-0.16666666666666666,0.29999999999999993,0.675537109375,0.12689245413047315
full-002,judge_depth,contrast,T06_vs_B,60,0.03333333333333333,-0.16666666666666666,0.24999999999999994,0.87841796875,0.06909319320116614
full-002,judge_depth,contrast,T06_vs_D,60,0.016666666666666666,-0.13333333333333336,0.18333333333333338,1.0,0.043632643917489826
full-002,judge_depth,contrast,T07_vs_A,60,-0.05,-0.25,0.16666666666666669,0.7734375,-0.10023474210703791
full-002,judge_depth,contrast,T07_vs_B,60,-0.08333333333333333,-0.23333333333333334,0.06666666666666668,0.43212890625,-0.223606797749979
full-002,judge_depth,contrast,T07_vs_D,60,-0.1,-0.35,0.13333333333333333,0.529296875,-0.1809934272001477
full-002,judge_depth,contrast,T08_vs_A,60,-0.15,-0.2666666666666667,-0.03333333333333334,0.046875,-0.545072698916619
full-002,judge_depth,contrast,T08_vs_B,60,-0.18333333333333332,-0.33333333333333337,-0.03333333333333335,0.048828125,-0.523778269325543
full-002,judge_depth,contrast,T08_vs_D,60,-0.2,-0.41666666666666663,0.016666666666666673,0.12109375,-0.3997662868628988
full-002,judge_depth,contrast,T09_vs_A,60,-0.11666666666666667,-0.25,0.033333333333333326,0.19384765625,-0.3542198443244076
full-002,judge_depth,contrast,T09_vs_B,60,-0.15,-0.3,0.01666666666666666,0.12353515625,-0.40944726012458477
full-002,judge_depth,contrast,T09_vs_D,60,-0.16666666666666666,-0.41666666666666663,0.09999999999999998,0.272216796875,-0.2837401532675119
full-002,judge_depth,contrast,T10_vs_A,60,-0.2,-0.35000000000000003,-0.06666666666666667,0.03125,-0.5734510910671928
full-002,judge_depth,contrast,T10_vs_B,60,-0.23333333333333334,-0.4,-0.08333333333333333,0.0205078125,-0.6202505492151158
full-002,judge_depth,contrast,T10_vs_D,60,-0.25,-0.4666666666666666,-0.033333333333333326,0.0556640625,-0.49425268262874833
full-002,judge_depth,contrast,T11_vs_A,60,-0.25,-0.4833333333333333,-0.03333333333333331,0.06591796875,-0.4730982873872994
full-002,judge_depth,contrast,T11_vs_B,60,-0.2833333333333333,-0.4833333333333333,-0.11666666666666665,0.0078125,-0.6494118809281438
full-002,judge_depth,contrast,T11_vs_D,60,-0.3,-0.6,2.7755575615628915e-18,0.1005859375,-0.4139816980558042
full-002,judge_depth,contrast,T12_vs_A,60,-0.2,-0.41666666666666663,0.01666666666666667,0.1142578125,-0.4094472601245848
full-002,judge_depth,contrast,T12_vs_B,60,-0.23333333333333334,-0.5000000000000001,-0.016666666666666666,0.11669921875,-0.39995704236684176
full-002,judge_depth,contrast,T12_vs_D,60,-0.25,-0.5999999999999999,0.06666666666666671,0.197265625,-0.32409389848754483
full-002,judge_depth,contrast,T13_vs_A,60,-0.06666666666666667,-0.2666666666666667,0.13333333333333336,0.64599609375,-0.13923991921155665
full-002,judge_depth,contrast,T13_vs_B,60,-0.1,-0.2666666666666666,0.05,0.3232421875,-0.27753743355992
full-002,judge_depth,contrast,T13_vs_D,60,-0.11666666666666667,-0.30000000000000004,0.05,0.32421875,-0.2760191648745947
full-002,judge_depth,contrast,T14_vs_A,60,0.25,0.06666666666666668,0.4333333333333334,0.02734375,0.5801846027156757
full-002,judge_depth,contrast,T14_vs_B,60,0.21666666666666667,0.01666666666666667,0.4166666666666667,0.0791015625,0.45632889133687543
full-002,judge_depth,contrast,T14_vs_D,60,0.2,0.01666666666666667,0.4166666666666667,0.1015625,0.4198674312134897
full-002,judge_depth,contrast,T15_vs_A,60,0.2,0.01666666666666667,0.38333333333333336,0.072265625,0.4712514425207864
full-002,judge_depth,contrast,T15_vs_B,60,0.16666666666666666,0.06666666666666667,0.2833333333333333,0.015625,0.657128740672771
full-002,judge_depth,contrast,T15_vs_D,60,0.15,-0.03333333333333334,0.3666666666666667,0.24462890625,0.31429363309631025
full-002,judge_depth,contrast,T16_vs_A,60,-0.03333333333333333,-0.18333333333333335,0.13333333333333333,0.84765625,-0.08934871726729447
full-002,judge_depth,contrast,T16_vs_B,60,-0.06666666666666667,-0.18333333333333335,0.05,0.431640625,-0.2399494896342928
full-002,judge_depth,contrast,T16_vs_D,60,-0.08333333333333333,-0.3333333333333332,0.16666666666666666,0.61328125,-0.14594673148273407
full-002,judge_depth,contrast,T17_vs_A,60,-0.1,-0.2166666666666667,0.016666666666666677,0.21875,-0.3470195026382056
full-002,judge_depth,contrast,T17_vs_B,60,-0.13333333333333333,-0.3,0.01666666666666667,0.1953125,-0.35011518841845507
full-002,judge_depth,contrast,T17_vs_D,60,-0.15,-0.4166666666666667,0.13333333333333336,0.38525390625,-0.22657056917263135
full-002,judge_depth,contrast,T18_vs_A,60,-0.23333333333333334,-0.38333333333333336,-0.08333333333333334,0.011962890625,-0.6788896000889326
full-002,judge_depth,contrast,T18_vs_B,60,-0.26666666666666666,-0.4333333333333333,-0.09999999999999999,0.01287841796875,-0.6686245759238973
full-002,judge_depth,contrast,T18_vs_D,60,-0.2833333333333333,-0.5833333333333333,0.01666666666666669,0.113037109375,-0.3982558740182794
full-002,judge_depth,contrast,T19_vs_A,60,0.016666666666666666,-0.13333333333333333,0.18333333333333332,1.0,0.04549414001384276
full-002,judge_depth,contrast,T19_vs_B,60,-0.016666666666666666,-0.18333333333333332,0.13333333333333333,1.0,-0.04549414001384278
full-002,judge_depth,contrast,T19_vs_D,60,-0.03333333333333333,-0.2333333333333333,0.2166666666666667,0.901123046875,-0.06440862997860237
full-002,judge_depth,contrast,T20_vs_A,60,0.08333333333333333,-0.08333333333333333,0.2666666666666666,0.47265625,0.20686418924693756
full-002,judge_depth,contrast,T20_vs_B,60,0.05,-0.06666666666666667,0.16666666666666669,0.58984375,0.18456366115766215
full-002,judge_depth,contrast,T20_vs_D,60,0.03333333333333333,-0.15,0.24999999999999994,0.87890625,0.07285096135146332
full-002,judge_depth,contrast,T21_vs_A,60,0.016666666666666666,-0.15,0.19999999999999998,1.0,0.04050629495418424
full-002,judge_depth,contrast,T21_vs_B,60,-0.016666666666666666,-0.15,0.11666666666666665,1.0,-0.052937320313800364
full-002,judge_depth,contrast,T21_vs_D,60,-0.03333333333333333,-0.23333333333333334,0.1833333333333333,0.859375,-0.06909319320116611
full-002,judge_depth,contrast,T22_vs_A,60,0.0,-0.18333333333333332,0.18333333333333332,1.0,0.0
full-002,judge_depth,contrast,T22_vs_B,60,-0.03333333333333333,-0.19999999999999998,0.11666666666666665,0.841796875,-0.09335735820102897
full-002,judge_depth,contrast,T22_vs_D,60,-0.05,-0.25,0.15,0.7607421875,-0.10267687214744486
full-002,judge_depth,contrast,T23_vs_A,60,-0.15,-0.35,0.03333333333333334,0.2265625,-0.32268746321705155
full-002,judge_depth,contrast,T23_vs_B,60,-0.18333333333333332,-0.39999999999999997,0.01666666666666666,0.14013671875,-0.384136662673268
full-002,judge_depth,contrast,T23_vs_D,60,-0.2,-0.41666666666666663,-0.016666666666666666,0.099609375,-0.43112592733143673
full-002,judge_depth,contrast,T24_vs_A,60,-0.08333333333333333,-0.2333333333333333,0.05,0.40625,-0.245207223136842
full-002,judge_depth,contrast,T24_vs_B,60,-0.11666666666666667,-0.2833333333333333,0.05,0.27587890625,-0.29608239297110417
full-002,judge_depth,contrast,T24_vs_D,60,-0.13333333333333333,-0.35000000000000003,0.09999999999999999,0.3310546875,-0.254867151585419
full-002,judge_depth,contrast,T25_vs_A,60,-0.16666666666666666,-0.38333333333333336,0.06666666666666665,0.207763671875,-0.3248931448269654
full-002,judge_depth,contrast,T25_vs_B,60,-0.2,-0.3666666666666667,-0.03333333333333332,0.056640625,-0.5051968731069256
full-002,judge_depth,contrast,T25_vs_D,60,-0.21666666666666667,-0.4833333333333334,0.033333333333333354,0.173583984375,-0.34730907169947106
full-002,judge_depth,contrast,T26_vs_A,60,-0.18333333333333332,-0.31666666666666665,-0.06666666666666667,0.0234375,-0.6200388379247846
full-002,judge_depth,contrast,T26_vs_B,60,-0.21666666666666667,-0.38333333333333325,-0.05,0.03173828125,-0.5718266724986301
full-002,judge_depth,contrast,T26_vs_D,60,-0.23333333333333334,-0.4999999999999999,0.03333333333333337,0.1488037109375,-0.3641717762554955
full-002,judge_depth,contrast,B_vs_A,60,0.03333333333333333,-0.13333333333333333,0.2,0.8515625,0.08581573914656519
full-002,judge_depth,contrast,D_vs_A,60,0.05,-0.23333333333333334,0.3,0.818359375,0.08014824731526252
full-002,judge_depth,contrast,E01_vs_D,60,0.016666666666666666,-0.13333333333333336,0.16666666666666669,1.0,0.04761620630232208
full-002,judge_depth,contrast,E01_vs_T01,60,0.2,-0.03333333333333334,0.4333333333333333,0.15234375,0.36694096158828954
full-002,judge_depth,contrast,E01_vs_A,60,0.06666666666666667,-0.13333333333333336,0.2833333333333333,0.6552734375,0.13581826807078484
full-002,judge_depth,contrast,E02_vs_D,60,0.08333333333333333,-0.05,0.23333333333333334,0.40625,0.245207223136842
full-002,judge_depth,contrast,E02_vs_T07,60,0.18333333333333332,0.0,0.4166666666666667,0.171875,0.36581196464958826
full-002,judge_depth,contrast,E02_vs_A,60,0.13333333333333333,-0.08333333333333331,0.35,0.32275390625,0.2604940361258638
full-002,judge_depth,contrast,E03_vs_D,60,0.0,-0.13333333333333336,0.15,1.0,1.623167324683977e-17
full-002,judge_depth,contrast,E03_vs_T10,60,0.25,0.08333333333333333,0.45,0.0234375,0.5801846027156757
full-002,judge_depth,contrast,E03_vs_A,60,0.05,-0.15,0.26666666666666666,0.76220703125,0.10267687214744486
full-002,judge_depth,contrast,E04_vs_D,60,0.08333333333333333,-0.06666666666666667,0.26666666666666666,0.50390625,0.21474753748150155
full-002,judge_depth,contrast,E04_vs_T13,60,0.2,0.06666666666666667,0.35,0.0234375,0.6031830462090613
full-002,judge_depth,contrast,E04_vs_A,60,0.13333333333333333,-0.05000000000000001,0.35,0.28466796875,0.28741728488762447
full-002,judge_depth,contrast,E05_vs_D,60,0.03333333333333333,-0.11666666666666665,0.2,0.84765625,0.08934871726729449
full-002,judge_depth,contrast,E05_vs_T16,60,0.11666666666666667,-0.016666666666666666,0.2666666666666666,0.1953125,0.3542198443244076
full-002,judge_depth,contrast,E05_vs_A,60,0.08333333333333333,-0.08333333333333333,0.25,0.4453125,0.22360679774997894
full-002,judge_depth,contrast,E06_vs_D,60,0.03333333333333333,-0.11666666666666665,0.2,0.84765625,0.08934871726729449
full-002,judge_depth,contrast,E06_vs_T19,60,0.06666666666666667,-0.13333333333333333,0.28333333333333327,0.64599609375,0.1392399192115567
full-002,judge_depth,contrast,E06_vs_A,60,0.08333333333333333,-0.16666666666666669,0.3333333333333333,0.61669921875,0.140976866852146
full-002,judge_depth,contrast,E07_vs_D,60,-0.05,-0.18333333333333335,0.10000000000000002,0.6875,-0.14423217292972187
full-002,judge_depth,contrast,E07_vs_T22,60,0.0,-0.2,0.2,1.0,-1.1775693440128314e-17
full-002,judge_depth,contrast,E07_vs_A,60,0.0,-0.21666666666666665,0.21666666666666665,1.0,-1.1477526222844667e-17
full-002,judge_depth,contrast,E08_vs_D,60,0.016666666666666666,-0.16666666666666669,0.21666666666666665,1.0,0.036865761979032886
full-002,judge_depth,contrast,E08_vs_T25,60,0.23333333333333334,0.08333333333333333,0.38333333333333336,0.01611328125,0.6475873449731466
full-002,judge_depth,contrast,E08_vs_A,60,0.06666666666666667,-0.11666666666666665,0.2666666666666666,0.611328125,0.1560736183952123
full-002,judge_usefulness,condition_mean,A,60,4.866666666666666,4.733333333333333,4.966666666666667,,
full-002,judge_usefulness,condition_mean,B,60,4.933333333333334,4.85,5.0,,
full-002,judge_usefulness,condition_mean,D,60,4.833333333333333,4.683333333333334,4.95,,
full-002,judge_usefulness,condition_mean,T01,60,4.9,4.816666666666666,4.966666666666667,,
full-002,judge_usefulness,condition_mean,T02,60,4.9,4.8,4.983333333333333,,
full-002,judge_usefulness,condition_mean,T03,60,4.933333333333334,4.85,5.0,,
full-002,judge_usefulness,condition_mean,T04,60,4.866666666666666,4.75,4.966666666666667,,
full-002,judge_usefulness,condition_mean,T05,60,4.85,4.733333333333333,4.95,,
full-002,judge_usefulness,condition_mean,T06,60,4.983333333333333,4.95,5.0,,
full-002,judge_usefulness,condition_mean,T07,60,4.8,4.633333333333334,4.933333333333334,,
full-002,judge_usefulness,condition_mean,T08,60,4.716666666666667,4.483333333333333,4.9,,
full-002,judge_usefulness,condition_mean,T09,60,4.7,4.5,4.866666666666666,,
full-002,judge_usefulness,condition_mean,T10,60,4.65,4.383333333333334,4.866666666666666,,
full-002,judge_usefulness,condition_mean,T11,60,4.583333333333333,4.133333333333334,4.9,,
full-002,judge_usefulness,condition_mean,T12,60,4.75,4.55,4.916666666666667,,
full-002,judge_usefulness,condition_mean,T13,60,4.766666666666667,4.6,4.916666666666667,,
full-002,judge_usefulness,condition_mean,T14,60,4.916666666666667,4.833333333333333,4.983333333333333,,
full-002,judge_usefulness,condition_mean,T15,60,4.916666666666667,4.783333333333333,5.0,,
full-002,judge_usefulness,condition_mean,T16,60,4.883333333333334,4.783333333333333,4.966666666666667,,
full-002,judge_usefulness,condition_mean,T17,60,4.833333333333333,4.666666666666667,4.966666666666667,,
full-002,judge_usefulness,condition_mean,T18,60,4.75,4.45,4.966666666666667,,
full-002,judge_usefulness,condition_mean,T19,60,4.816666666666666,4.616666666666666,4.966666666666667,,
full-002,judge_usefulness,condition_mean,T20,60,4.85,4.766666666666667,4.933333333333334,,
full-002,judge_usefulness,condition_mean,T21,60,4.866666666666666,4.716666666666667,4.966666666666667,,
full-002,judge_usefulness,condition_mean,T22,60,4.883333333333334,4.75,4.983333333333333,,
full-002,judge_usefulness,condition_mean,T23,60,4.833333333333333,4.666666666666667,4.966666666666667,,
full-002,judge_usefulness,condition_mean,T24,60,4.766666666666667,4.55,4.933333333333334,,
full-002,judge_usefulness,condition_mean,T25,60,4.783333333333333,4.633333333333334,4.916666666666667,,
full-002,judge_usefulness,condition_mean,T26,60,4.8,4.616666666666666,4.95,,
full-002,judge_usefulness,condition_mean,E01,60,4.866666666666666,4.733333333333333,4.983333333333333,,
full-002,judge_usefulness,condition_mean,E02,60,4.916666666666667,4.816666666666666,5.0,,
full-002,judge_usefulness,condition_mean,E03,60,4.9,4.816666666666666,4.966666666666667,,
full-002,judge_usefulness,condition_mean,E04,60,4.933333333333334,4.816666666666666,5.0,,
full-002,judge_usefulness,condition_mean,E05,60,4.883333333333334,4.783333333333333,4.966666666666667,,
full-002,judge_usefulness,condition_mean,E06,60,4.866666666666666,4.733333333333333,4.983333333333333,,
full-002,judge_usefulness,condition_mean,E07,60,4.816666666666666,4.666666666666667,4.95,,
full-002,judge_usefulness,condition_mean,E08,60,4.9,4.766666666666667,5.0,,
full-002,judge_usefulness,contrast,T01_vs_A,60,0.03333333333333333,-0.05,0.13333333333333333,0.75,0.15607361839521236
full-002,judge_usefulness,contrast,T01_vs_B,60,-0.03333333333333333,-0.13333333333333333,0.05,0.75,-0.1560736183952124
full-002,judge_usefulness,contrast,T01_vs_D,60,0.06666666666666667,-0.08333333333333333,0.21666666666666665,0.546875,0.18933847100833362
full-002,judge_usefulness,contrast,T02_vs_A,60,0.03333333333333333,-0.11666666666666665,0.18333333333333332,0.84375,0.09335735820102896
full-002,judge_usefulness,contrast,T02_vs_B,60,-0.03333333333333333,-0.16666666666666666,0.09999999999999999,0.8125,-0.10966000390158762
full-002,judge_usefulness,contrast,T02_vs_D,60,0.06666666666666667,-0.11666666666666665,0.25,0.609375,0.15607361839521236
full-002,judge_usefulness,contrast,T03_vs_A,60,0.06666666666666667,-0.049999999999999996,0.19999999999999998,0.4375,0.2399494896342928
full-002,judge_usefulness,contrast,T03_vs_B,60,0.0,-0.11666666666666665,0.11666666666666665,1.0,-2.0955000055363632e-17
full-002,judge_usefulness,contrast,T03_vs_D,60,0.1,0.0,0.21666666666666665,0.1875,0.3743847411770804
full-002,judge_usefulness,contrast,T04_vs_A,60,0.0,-0.1,0.1,1.0,0.0
full-002,judge_usefulness,contrast,T04_vs_B,60,-0.06666666666666667,-0.19999999999999998,0.06666666666666665,0.46875,-0.22360679774997905
full-002,judge_usefulness,contrast,T04_vs_D,60,0.03333333333333333,-0.11666666666666665,0.18333333333333332,0.84375,0.09335735820102896
full-002,judge_usefulness,contrast,T05_vs_A,60,-0.016666666666666666,-0.13333333333333333,0.09999999999999998,1.0,-0.06586273258360145
full-002,judge_usefulness,contrast,T05_vs_B,60,-0.08333333333333333,-0.2,0.01666666666666667,0.28125,-0.317905378669871
full-002,judge_usefulness,contrast,T05_vs_D,60,0.016666666666666666,-0.08333333333333334,0.11666666666666667,1.0,0.06586273258360144
full-002,judge_usefulness,contrast,T06_vs_A,60,0.11666666666666667,0.0,0.25,0.125,0.3999570423668418
full-002,judge_usefulness,contrast,T06_vs_B,60,0.05,0.0,0.13333333333333333,0.5,0.3065225015493055
full-002,judge_usefulness,contrast,T06_vs_D,60,0.15,0.016666666666666666,0.3,0.09375,0.4505932764606645
full-002,judge_usefulness,contrast,T07_vs_A,60,-0.06666666666666667,-0.21666666666666665,0.08333333333333334,0.55078125,-0.18099342720014777
full-002,judge_usefulness,contrast,T07_vs_B,60,-0.13333333333333333,-0.3,0.0,0.1796875,-0.36514837167011066
full-002,judge_usefulness,contrast,T07_vs_D,60,-0.03333333333333333,-0.19999999999999996,0.13333333333333333,0.84375,-0.0893487172672945
full-002,judge_usefulness,contrast,T08_vs_A,60,-0.15,-0.3666666666666666,0.03333333333333333,0.21875,-0.32268746321705166
full-002,judge_usefulness,contrast,T08_vs_B,60,-0.21666666666666667,-0.4666666666666666,-5.551115123125783e-18,0.12890625,-0.39850114828314753
full-002,judge_usefulness,contrast,T08_vs_D,60,-0.11666666666666667,-0.3666666666666667,0.13333333333333333,0.4765625,-0.19605944598101235
full-002,judge_usefulness,contrast,T09_vs_A,60,-0.16666666666666666,-0.3666666666666667,5.551115123125783e-18,0.15625,-0.3683941988065037
full-002,judge_usefulness,contrast,T09_vs_B,60,-0.23333333333333334,-0.45000000000000007,-0.04999999999999998,0.0546875,-0.4812401061850467
full-002,judge_usefulness,contrast,T09_vs_D,60,-0.13333333333333333,-0.36666666666666664,0.1,0.36328125,-0.2399494896342928
full-002,judge_usefulness,contrast,T10_vs_A,60,-0.21666666666666667,-0.4333333333333333,-0.03333333333333334,0.078125,-0.46864767465000434
full-002,judge_usefulness,contrast,T10_vs_B,60,-0.2833333333333333,-0.5499999999999999,-0.08333333333333333,0.03125,-0.511104101405804
full-002,judge_usefulness,contrast,T10_vs_D,60,-0.18333333333333332,-0.41666666666666663,0.03333333333333334,0.16796875,-0.35758117072857987
full-002,judge_usefulness,contrast,T11_vs_A,60,-0.2833333333333333,-0.75,0.016666666666666666,0.1875,-0.3039900705211096
full-002,judge_usefulness,contrast,T11_vs_B,60,-0.35,-0.8,-0.03333333333333333,0.09375,-0.37007637284637673
full-002,judge_usefulness,contrast,T11_vs_D,60,-0.25,-0.7,0.06666666666666667,0.296875,-0.27854300726557785
full-002,judge_usefulness,contrast,T12_vs_A,60,-0.11666666666666667,-0.2833333333333333,0.033333333333333326,0.25,-0.32127103449474176
full-002,judge_usefulness,contrast,T12_vs_B,60,-0.18333333333333332,-0.41666666666666663,5.551115123125783e-18,0.15234375,-0.37463861300470674
full-002,judge_usefulness,contrast,T12_vs_D,60,-0.08333333333333333,-0.3166666666666667,0.11666666666666665,0.59375,-0.1647508942095828
full-002,judge_usefulness,contrast,T13_vs_A,60,-0.1,-0.21666666666666665,0.01666666666666667,0.21875,-0.3470195026382056
full-002,judge_usefulness,contrast,T13_vs_B,60,-0.16666666666666666,-0.3166666666666667,-0.016666666666666663,0.0859375,-0.45444662957319293
full-002,judge_usefulness,contrast,T13_vs_D,60,-0.06666666666666667,-0.24999999999999994,0.1,0.5859375,-0.16715614398097436
full-002,judge_usefulness,contrast,T14_vs_A,60,0.05,-0.05,0.16666666666666666,0.5625,0.20129909839395216
full-002,judge_usefulness,contrast,T14_vs_B,60,-0.016666666666666666,-0.1333333333333333,0.09999999999999999,1.0,-0.06586273258360145
full-002,judge_usefulness,contrast,T14_vs_D,60,0.08333333333333333,-0.06666666666666667,0.25,0.4453125,0.22360679774997896
full-002,judge_usefulness,contrast,T15_vs_A,60,0.05,-0.08333333333333333,0.1833333333333333,0.625,0.1607196805309474
full-002,judge_usefulness,contrast,T15_vs_B,60,-0.016666666666666666,-0.16666666666666666,0.11666666666666665,1.0,-0.0500659196067405
full-002,judge_usefulness,contrast,T15_vs_D,60,0.08333333333333333,-0.11666666666666665,0.26666666666666666,0.53125,0.18757714462371256
full-002,judge_usefulness,contrast,T16_vs_A,60,0.016666666666666666,-0.1,0.14999999999999997,1.0,0.056367167084071315
full-002,judge_usefulness,contrast,T16_vs_B,60,-0.05,-0.13333333333333336,0.03333333333333333,0.5,-0.2554744127550137
full-002,judge_usefulness,contrast,T16_vs_D,60,0.05,-0.06666666666666667,0.19999999999999998,0.65625,0.16071968053094743
full-002,judge_usefulness,contrast,T17_vs_A,60,-0.03333333333333333,-0.21666666666666665,0.11666666666666665,0.875,-0.08581573914656518
full-002,judge_usefulness,contrast,T17_vs_B,60,-0.1,-0.2833333333333333,0.06666666666666667,0.4140625,-0.2379548624346462
full-002,judge_usefulness,contrast,T17_vs_D,60,0.0,-0.2,0.21666666666666665,1.0,1.1477526222844666e-17
full-002,judge_usefulness,contrast,T18_vs_A,60,-0.11666666666666667,-0.4666666666666666,0.13333333333333333,0.65625,-0.165915912098992
full-002,judge_usefulness,contrast,T18_vs_B,60,-0.18333333333333332,-0.5166666666666666,0.049999999999999996,0.3125,-0.28068993623138044
full-002,judge_usefulness,contrast,T18_vs_D,60,-0.08333333333333333,-0.4000000000000001,0.1833333333333333,0.71484375,-0.11907604493604895
full-002,judge_usefulness,contrast,T19_vs_A,60,-0.05,-0.19999999999999998,0.08333333333333333,0.6875,-0.15180850471046045
full-002,judge_usefulness,contrast,T19_vs_B,60,-0.11666666666666667,-0.33333333333333337,0.05,0.40625,-0.25234874788846384
full-002,judge_usefulness,contrast,T19_vs_D,60,-0.016666666666666666,-0.2500000000000001,0.18333333333333332,1.0,-0.03250737915714363
full-002,judge_usefulness,contrast,T20_vs_A,60,-0.016666666666666666,-0.11666666666666665,0.09999999999999999,1.0,-0.06586273258360144
full-002,judge_usefulness,contrast,T20_vs_B,60,-0.08333333333333333,-0.18333333333333332,0.0,0.1875,-0.3914406806294065
full-002,judge_usefulness,contrast,T20_vs_D,60,0.016666666666666666,-0.09999999999999999,0.16666666666666666,1.0,0.052937320313800364
full-002,judge_usefulness,contrast,T21_vs_A,60,0.0,-0.18333333333333335,0.16666666666666666,1.0,-6.859133852964834e-18
full-002,judge_usefulness,contrast,T21_vs_B,60,-0.06666666666666667,-0.23333333333333334,0.06666666666666667,0.625,-0.1893384710083336
full-002,judge_usefulness,contrast,T21_vs_D,60,0.03333333333333333,-0.15,0.21666666666666665,0.859375,0.0798488505000197
full-002,judge_usefulness,contrast,T22_vs_A,60,0.016666666666666666,-0.1,0.14999999999999997,1.0,0.056367167084071315
full-002,judge_usefulness,contrast,T22_vs_B,60,-0.05,-0.16666666666666669,0.03333333333333333,0.75,-0.20129909839395216
full-002,judge_usefulness,contrast,T22_vs_D,60,0.05,-0.1,0.18333333333333332,0.6875,0.1518085047104604
full-002,judge_usefulness,contrast,T23_vs_A,60,-0.03333333333333333,-0.2,0.1,0.875,-0.09335735820102894
full-002,judge_usefulness,contrast,T23_vs_B,60,-0.1,-0.2833333333333333,0.05,0.40625,-0.24624844745163452
full-002,judge_usefulness,contrast,T23_vs_D,60,0.0,-0.18333333333333332,0.16666666666666669,1.0,6.626552854390356e-18
full-002,judge_usefulness,contrast,T24_vs_A,60,-0.1,-0.28333333333333327,0.05,0.375,-0.2658216639493355
full-002,judge_usefulness,contrast,T24_vs_B,60,-0.16666666666666666,-0.39999999999999997,0.04999999999999999,0.2265625,-0.31790537866987095
full-002,judge_usefulness,contrast,T24_vs_D,60,-0.06666666666666667,-0.2833333333333333,0.14999999999999997,0.65625,-0.1326370709590369
full-002,judge_usefulness,contrast,T25_vs_A,60,-0.08333333333333333,-0.24999999999999994,0.06666666666666668,0.4453125,-0.223606797749979
full-002,judge_usefulness,contrast,T25_vs_B,60,-0.15,-0.30000000000000004,-0.016666666666666666,0.109375,-0.4285458567208988
full-002,judge_usefulness,contrast,T25_vs_D,60,-0.05,-0.24999999999999994,0.13333333333333333,0.7421875,-0.11460209663437837
full-002,judge_usefulness,contrast,T26_vs_A,60,-0.06666666666666667,-0.26666666666666666,0.1,0.625,-0.15129959109349977
full-002,judge_usefulness,contrast,T26_vs_B,60,-0.13333333333333333,-0.31666666666666665,0.016666666666666666,0.21875,-0.33679791540461695
full-002,judge_usefulness,contrast,T26_vs_D,60,-0.03333333333333333,-0.2333333333333333,0.15,0.90625,-0.07285096135146331
full-002,judge_usefulness,contrast,B_vs_A,60,0.06666666666666667,-0.06666666666666667,0.19999999999999998,0.5,0.21020477280886826
full-002,judge_usefulness,contrast,D_vs_A,60,-0.03333333333333333,-0.18333333333333338,0.11666666666666665,0.8125,-0.09335735820102897
full-002,judge_usefulness,contrast,E01_vs_D,60,0.03333333333333333,-0.03333333333333333,0.11666666666666667,0.75,0.1809934272001478
full-002,judge_usefulness,contrast,E01_vs_T01,60,-0.03333333333333333,-0.16666666666666666,0.08333333333333334,0.8125,-0.10966000390158757
full-002,judge_usefulness,contrast,E01_vs_A,60,0.0,-0.15,0.13333333333333333,1.0,0.0
full-002,judge_usefulness,contrast,E02_vs_D,60,0.08333333333333333,-0.05,0.2166666666666667,0.375,0.2586530658057318
full-002,judge_usefulness,contrast,E02_vs_T07,60,0.11666666666666667,-0.03333333333333334,0.2666666666666667,0.2421875,0.32127103449474165
full-002,judge_usefulness,contrast,E02_vs_A,60,0.05,0.0,0.13333333333333333,0.5,0.30652250154930555
full-002,judge_usefulness,contrast,E03_vs_D,60,0.06666666666666667,-0.03333333333333333,0.18333333333333332,0.40625,0.2604940361258638
full-002,judge_usefulness,contrast,E03_vs_T10,60,0.25,0.03333333333333334,0.5166666666666667,0.078125,0.4378401944482022
full-002,judge_usefulness,contrast,E03_vs_A,60,0.03333333333333333,-0.06666666666666667,0.15,0.78125,0.1268924541304732
full-002,judge_usefulness,contrast,E04_vs_D,60,0.1,-0.08333333333333333,0.2833333333333333,0.390625,0.23795486243464625
full-002,judge_usefulness,contrast,E04_vs_T13,60,0.16666666666666666,0.03333333333333333,0.3166666666666667,0.0625,0.49999999999999994
full-002,judge_usefulness,contrast,E04_vs_A,60,0.06666666666666667,-0.05,0.19999999999999996,0.4375,0.23994948963429275
full-002,judge_usefulness,contrast,E05_vs_D,60,0.05,-0.08333333333333333,0.18333333333333332,0.625,0.1714101610143608
full-002,judge_usefulness,contrast,E05_vs_T16,60,0.0,-0.11666666666666667,0.11666666666666667,1.0,1.940056024199058e-17
full-002,judge_usefulness,contrast,E05_vs_A,60,0.016666666666666666,-0.06666666666666667,0.11666666666666665,1.0,0.08267123063134309
full-002,judge_usefulness,contrast,E06_vs_D,60,0.03333333333333333,-0.1,0.18333333333333335,0.84375,0.09795896894087644
full-002,judge_usefulness,contrast,E06_vs_T19,60,0.05,-0.15,0.2833333333333333,0.8046875,0.09583148474999102
full-002,judge_usefulness,contrast,E06_vs_A,60,0.0,-0.15,0.15,1.0,-7.738146600860129e-18
full-002,judge_usefulness,contrast,E07_vs_D,60,-0.016666666666666666,-0.13333333333333333,0.11666666666666667,1.0,-0.05636716708407128
full-002,judge_usefulness,contrast,E07_vs_T22,60,-0.06666666666666667,-0.19999999999999998,0.06666666666666667,0.46875,-0.223606797749979
full-002,judge_usefulness,contrast,E07_vs_A,60,-0.05,-0.18333333333333335,0.08333333333333331,0.65625,-0.1607196805309474
full-002,judge_usefulness,contrast,E08_vs_D,60,0.06666666666666667,-0.06666666666666667,0.2,0.5,0.21020477280886823
full-002,judge_usefulness,contrast,E08_vs_T25,60,0.11666666666666667,-0.06666666666666668,0.2833333333333333,0.28125,0.2960823929711041
full-002,judge_usefulness,contrast,E08_vs_A,60,0.03333333333333333,-0.05,0.14999999999999997,0.75,0.13923991921155665
full-002,response_words,condition_mean,A,60,302.9166666666667,196.8,422.3,,
full-002,response_words,condition_mean,B,60,324.6666666666667,210.76666666666668,455.01666666666665,,
full-002,response_words,condition_mean,D,60,381.55,256.6,525.0333333333333,,
full-002,response_words,condition_mean,T01,60,296.9166666666667,194.4,413.4,,
full-002,response_words,condition_mean,T02,60,305.96666666666664,202.95,422.95,,
full-002,response_words,condition_mean,T03,60,317.76666666666665,206.75,444.75,,
full-002,response_words,condition_mean,T04,60,304.5833333333333,198.45,421.3833333333333,,
full-002,response_words,condition_mean,T05,60,343.6333333333333,241.76666666666668,456.6666666666667,,
full-002,response_words,condition_mean,T06,60,347.9,241.78333333333333,463.01666666666665,,
full-002,response_words,condition_mean,T07,60,307.4,204.33333333333334,421.56666666666666,,
full-002,response_words,condition_mean,T08,60,300.5833333333333,200.28333333333333,411.81666666666666,,
full-002,response_words,condition_mean,T09,60,308.71666666666664,207.7,425.45,,
full-002,response_words,condition_mean,T10,60,321.48333333333335,209.65,445.15,,
full-002,response_words,condition_mean,T11,60,311.26666666666665,199.45,436.0833333333333,,
full-002,response_words,condition_mean,T12,60,298.73333333333335,195.35,412.0833333333333,,
full-002,response_words,condition_mean,T13,60,324.8,216.96666666666667,447.75,,
full-002,response_words,condition_mean,T14,60,412.5,292.51666666666665,544.7833333333333,,
full-002,response_words,condition_mean,T15,60,387.3333333333333,260.2,532.3166666666667,,
full-002,response_words,condition_mean,T16,60,332.3833333333333,216.28333333333333,465.43333333333334,,
full-002,response_words,condition_mean,T17,60,315.1,206.86666666666667,433.45,,
full-002,response_words,condition_mean,T18,60,290.93333333333334,191.38333333333333,402.96666666666664,,
full-002,response_words,condition_mean,T19,60,358.45,239.43333333333334,497.03333333333336,,
full-002,response_words,condition_mean,T20,60,368.0833333333333,247.56666666666666,502.28333333333336,,
full-002,response_words,condition_mean,T21,60,348.15,223.68333333333334,483.55,,
full-002,response_words,condition_mean,T22,60,322.6166666666667,218.03333333333333,444.51666666666665,,
full-002,response_words,condition_mean,T23,60,308.0,203.58333333333334,424.2,,
full-002,response_words,condition_mean,T24,60,307.6166666666667,203.5,421.93333333333334,,
full-002,response_words,condition_mean,T25,60,290.7,198.48333333333332,395.31666666666666,,
full-002,response_words,condition_mean,T26,60,311.46666666666664,203.93333333333334,434.1666666666667,,
full-002,response_words,condition_mean,E01,60,393.3,261.98333333333335,548.35,,
full-002,response_words,condition_mean,E02,60,395.8333333333333,271.1666666666667,537.5333333333333,,
full-002,response_words,condition_mean,E03,60,400.3666666666667,265.1166666666667,564.15,,
full-002,response_words,condition_mean,E04,60,382.2,259.46666666666664,517.75,,
full-002,response_words,condition_mean,E05,60,403.0,268.8,559.45,,
full-002,response_words,condition_mean,E06,60,400.7,268.7,553.95,,
full-002,response_words,condition_mean,E07,60,398.93333333333334,258.05,566.05,,
full-002,response_words,condition_mean,E08,60,360.1,237.45,499.9166666666667,,
full-002,response_words,contrast,T01_vs_A,60,-6.0,-15.916666666666668,2.6333333333333333,0.24504470825195312,-0.2802256552104034
full-002,response_words,contrast,T01_vs_B,60,-27.75,-49.383333333333326,-10.933333333333334,0.0032291412353515625,-0.6079927322688672
full-002,response_words,contrast,T01_vs_D,60,-84.63333333333334,-120.80000000000003,-51.38333333333334,5.7220458984375e-05,-1.0438354539226078
full-002,response_words,contrast,T02_vs_A,60,3.05,-7.033333333333333,13.150000000000002,0.5740394592285156,0.1291340183198285
full-002,response_words,contrast,T02_vs_B,60,-18.7,-38.300000000000004,-3.633333333333333,0.026294708251953125,-0.45421884256381495
full-002,response_words,contrast,T02_vs_D,60,-75.58333333333333,-112.26666666666665,-42.63333333333334,0.000133514404296875,-0.9290430652312104
full-002,response_words,contrast,T03_vs_A,60,14.85,1.8000000000000003,28.78333333333334,0.04519081115722656,0.46425482602867574
full-002,response_words,contrast,T03_vs_B,60,-6.9,-24.53333333333333,10.616666666666667,0.4619140625,-0.16996139991773765
full-002,response_words,contrast,T03_vs_D,60,-63.78333333333333,-91.95,-37.766666666666666,9.1552734375e-05,-1.0099462449760424
full-002,response_words,contrast,T04_vs_A,60,1.6666666666666667,-7.2333333333333325,11.516666666666664,0.74371337890625,0.07580246751101652
full-002,response_words,contrast,T04_vs_B,60,-20.083333333333332,-46.41666666666667,-2.766666666666666,0.025285720825195312,-0.3716528961615081
full-002,response_words,contrast,T04_vs_D,60,-76.96666666666667,-114.61666666666665,-42.583333333333336,0.000118255615234375,-0.9260959066043657
full-002,response_words,contrast,T05_vs_A,60,40.71666666666667,19.250000000000004,66.11666666666666,0.000850677490234375,0.7409970081207832
full-002,response_words,contrast,T05_vs_B,60,18.966666666666665,-12.133333333333333,47.83333333333334,0.24678993225097656,0.26990018166504903
full-002,response_words,contrast,T05_vs_D,60,-37.916666666666664,-79.73333333333332,-0.6666666666666645,0.08466148376464844,-0.4098086689567843
full-002,response_words,contrast,T06_vs_A,60,44.983333333333334,22.71666666666667,68.53333333333333,0.0012054443359375,0.8422358249273695
full-002,response_words,contrast,T06_vs_B,60,23.233333333333334,-8.666666666666671,51.4,0.15393638610839844,0.3330958836759329
full-002,response_words,contrast,T06_vs_D,60,-33.65,-70.26666666666668,-2.1833333333333327,0.09060478210449219,-0.41737482600285797
full-002,response_words,contrast,T07_vs_A,60,4.483333333333333,-12.05,20.65,0.6003932952880859,0.11914546570010376
full-002,response_words,contrast,T07_vs_B,60,-17.266666666666666,-48.93333333333333,5.9333333333333345,0.2766437530517578,-0.2660762887308687
full-002,response_words,contrast,T07_vs_D,60,-74.15,-114.96666666666665,-37.31666666666666,0.0006237030029296875,-0.8094055330253346
full-002,response_words,contrast,T08_vs_A,60,-2.3333333333333335,-13.566666666666666,8.083333333333334,0.6951828002929688,-0.09160744272320845
full-002,response_words,contrast,T08_vs_B,60,-24.083333333333332,-53.41666666666665,-5.633333333333334,0.00551605224609375,-0.39453825743927223
full-002,response_words,contrast,T08_vs_D,60,-80.96666666666667,-123.41666666666666,-43.75,0.0001506805419921875,-0.8691886107257654
full-002,response_words,contrast,T09_vs_A,60,5.8,-16.0,26.2,0.6090278625488281,0.11732694472340173
full-002,response_words,contrast,T09_vs_B,60,-15.95,-40.949999999999996,3.9000000000000012,0.1904315948486328,-0.31063827341748895
full-002,response_words,contrast,T09_vs_D,60,-72.83333333333333,-114.90000000000002,-33.933333333333344,0.0015048980712890625,-0.7584147130956622
full-002,response_words,contrast,T10_vs_A,60,18.566666666666666,4.999999999999999,35.483333333333334,0.005916595458984375,0.5137047084600028
full-002,response_words,contrast,T10_vs_B,60,-3.183333333333333,-28.666666666666668,21.566666666666663,0.8206100463867188,-0.05350103822166405
full-002,response_words,contrast,T10_vs_D,60,-60.06666666666667,-95.4,-28.06666666666667,0.0014095306396484375,-0.7551977161271516
full-002,response_words,contrast,T11_vs_A,60,8.35,-7.566666666666667,25.166666666666668,0.3528938293457031,0.21537327892955346
full-002,response_words,contrast,T11_vs_B,60,-13.4,-31.01666666666667,2.083333333333333,0.14186668395996094,-0.3445314045624653
full-002,response_words,contrast,T11_vs_D,60,-70.28333333333333,-106.73333333333332,-37.21666666666666,0.000652313232421875,-0.8526198937712306
full-002,response_words,contrast,T12_vs_A,60,-4.183333333333334,-22.150000000000006,11.933333333333334,0.6803207397460938,-0.1050820918223663
full-002,response_words,contrast,T12_vs_B,60,-25.933333333333334,-49.48333333333332,-6.916666666666666,0.01190948486328125,-0.5116910597047903
full-002,response_words,contrast,T12_vs_D,60,-82.81666666666666,-125.31666666666668,-47.93333333333334,5.340576171875e-05,-0.9045941469230844
full-002,response_words,contrast,T13_vs_A,60,21.883333333333333,5.416666666666665,39.366666666666674,0.025447845458984375,0.5389304963130186
full-002,response_words,contrast,T13_vs_B,60,0.13333333333333333,-20.93333333333333,19.38333333333333,0.9916629791259766,0.0028198662422976827
full-002,response_words,contrast,T13_vs_D,60,-56.75,-94.4,-21.03333333333333,0.00701904296875,-0.6551210078008142
full-002,response_words,contrast,T14_vs_A,60,109.58333333333333,71.33333333333334,147.61666666666662,6.103515625e-05,1.2210728404787032
full-002,response_words,contrast,T14_vs_B,60,87.83333333333333,48.50000000000001,126.91666666666666,0.000530242919921875,0.9590692948893673
full-002,response_words,contrast,T14_vs_D,60,30.95,-12.183333333333335,72.10000000000001,0.1767120361328125,0.31297870358968793
full-002,response_words,contrast,T15_vs_A,60,84.41666666666667,49.81666666666668,120.78333333333335,8.58306884765625e-05,1.0128090768314713
full-002,response_words,contrast,T15_vs_B,60,62.666666666666664,27.666666666666668,101.46666666666667,0.003330230712890625,0.7203045655891175
full-002,response_words,contrast,T15_vs_D,60,5.783333333333333,-28.78333333333333,43.650000000000006,0.7670249938964844,0.06771031938294318
full-002,response_words,contrast,T16_vs_A,60,29.466666666666665,4.883333333333333,59.54999999999999,0.03460121154785156,0.45332021972309483
full-002,response_words,contrast,T16_vs_B,60,7.716666666666667,-4.1499999999999995,20.533333333333335,0.2510414123535156,0.2676340112693011
full-002,response_words,contrast,T16_vs_D,60,-49.166666666666664,-89.48333333333335,-15.4,0.011810302734375,-0.5606445640196462
full-002,response_words,contrast,T17_vs_A,60,12.183333333333334,-1.666666666666666,26.866666666666667,0.12213897705078125,0.3626660997600945
full-002,response_words,contrast,T17_vs_B,60,-9.566666666666666,-43.28333333333333,15.866666666666669,0.693572998046875,-0.1371741131851365
full-002,response_words,contrast,T17_vs_D,60,-66.45,-107.49999999999997,-30.68333333333333,0.0005702972412109375,-0.7391474388594463
full-002,response_words,contrast,T18_vs_A,60,-11.983333333333333,-24.833333333333336,0.13333333333333314,0.08176803588867188,-0.4089635841292076
full-002,response_words,contrast,T18_vs_B,60,-33.733333333333334,-56.18333333333334,-17.116666666666667,1.52587890625e-05,-0.7222375720648019
full-002,response_words,contrast,T18_vs_D,60,-90.61666666666666,-129.25,-55.93333333333332,7.62939453125e-06,-1.041205903416111
full-002,response_words,contrast,T19_vs_A,60,55.53333333333333,32.7,82.36666666666667,6.866455078125e-05,0.9455994671371329
full-002,response_words,contrast,T19_vs_B,60,33.78333333333333,16.133333333333336,52.13333333333334,0.000934600830078125,0.7995991539841127
full-002,response_words,contrast,T19_vs_D,60,-23.1,-44.74999999999999,-4.4333333333333345,0.03440093994140625,-0.4834006053754476
full-002,response_words,contrast,T20_vs_A,60,65.16666666666667,42.28333333333333,89.56666666666666,1.9073486328125e-06,1.179443331470606
full-002,response_words,contrast,T20_vs_B,60,43.416666666666664,22.866666666666667,65.71666666666667,0.0002346038818359375,0.8654997903440392
full-002,response_words,contrast,T20_vs_D,60,-13.466666666666667,-38.06666666666668,10.050000000000002,0.3056049346923828,-0.236236518195605
full-002,response_words,contrast,T21_vs_A,60,45.233333333333334,25.81666666666667,66.7,0.00014495849609375,0.944222468525106
full-002,response_words,contrast,T21_vs_B,60,23.483333333333334,4.916666666666666,43.36666666666666,0.03323554992675781,0.5110874355459148
full-002,response_words,contrast,T21_vs_D,60,-33.4,-59.08333333333333,-8.916666666666666,0.02008056640625,-0.5645040010515882
full-002,response_words,contrast,T22_vs_A,60,19.7,8.45,30.81666666666667,0.0040569305419921875,0.7473239625709489
full-002,response_words,contrast,T22_vs_B,60,-2.05,-20.9,11.7,0.9054794311523438,-0.05325286749897848
full-002,response_words,contrast,T22_vs_D,60,-58.93333333333333,-94.11666666666669,-25.916666666666664,0.002735137939453125,-0.7389010617013074
full-002,response_words,contrast,T23_vs_A,60,5.083333333333333,-5.966666666666667,17.06666666666667,0.4265918731689453,0.18665494506743696
full-002,response_words,contrast,T23_vs_B,60,-16.666666666666668,-40.45,1.5666666666666669,0.12548065185546875,-0.3369854723515412
full-002,response_words,contrast,T23_vs_D,60,-73.55,-112.16666666666667,-39.733333333333334,0.000232696533203125,-0.8636314899189184
full-002,response_words,contrast,T24_vs_A,60,4.7,-10.983333333333334,17.816666666666663,0.5562076568603516,0.14343654352937268
full-002,response_words,contrast,T24_vs_B,60,-17.05,-37.88333333333334,1.2666666666666657,0.09988021850585938,-0.37614760429176336
full-002,response_words,contrast,T24_vs_D,60,-73.93333333333334,-114.99999999999997,-38.750000000000014,0.00012969970703125,-0.8230364457838083
full-002,response_words,contrast,T25_vs_A,60,-12.216666666666667,-33.233333333333334,5.616666666666668,0.25238609313964844,-0.2681825314441054
full-002,response_words,contrast,T25_vs_B,60,-33.96666666666667,-68.03333333333333,-10.916666666666666,0.001697540283203125,-0.4985103227162687
full-002,response_words,contrast,T25_vs_D,60,-90.85,-139.00000000000003,-49.349999999999994,0.0001316070556640625,-0.8535362592823428
full-002,response_words,contrast,T26_vs_A,60,8.55,0.5,16.633333333333333,0.05815887451171875,0.4532587435219057
full-002,response_words,contrast,T26_vs_B,60,-13.2,-34.33333333333333,2.5000000000000004,0.18725204467773438,-0.30418617011770527
full-002,response_words,contrast,T26_vs_D,60,-70.08333333333333,-105.58333333333333,-38.93333333333333,0.00016021728515625,-0.9039161165119922
full-002,response_words,contrast,B_vs_A,60,21.75,3.7166666666666663,45.66666666666667,0.02587890625,0.4330645252202543
full-002,response_words,contrast,D_vs_A,60,78.63333333333334,46.33333333333333,113.41666666666666,8.20159912109375e-05,1.0011034645753458
full-002,response_words,contrast,E01_vs_D,60,11.75,-9.599999999999998,32.099999999999994,0.3012580871582031,0.24073804638099564
full-002,response_words,contrast,E01_vs_T01,60,96.38333333333334,57.000000000000014,141.86666666666665,2.47955322265625e-05,0.9673839395227917
full-002,response_words,contrast,E01_vs_A,60,90.38333333333334,52.55,135.48333333333338,2.86102294921875e-05,0.9309686802042025
full-002,response_words,contrast,E02_vs_D,60,14.283333333333333,-8.249999999999996,37.36666666666666,0.2406177520751953,0.27128360294487397
full-002,response_words,contrast,E02_vs_T07,60,88.43333333333334,52.98333333333333,128.15,2.288818359375e-05,1.0157262309878576
full-002,response_words,contrast,E02_vs_A,60,92.91666666666667,61.166666666666664,126.74999999999997,3.0517578125e-05,1.2075053595900402
full-002,response_words,contrast,E03_vs_D,60,18.816666666666666,-4.683333333333333,44.199999999999996,0.16413497924804688,0.3279594329274973
full-002,response_words,contrast,E03_vs_T10,60,78.88333333333334,34.233333333333334,131.46666666666667,0.001007080078125,0.6894502929582986
full-002,response_words,contrast,E03_vs_A,60,97.45,54.81666666666668,147.34999999999997,3.4332275390625e-05,0.879498158777334
full-002,response_words,contrast,E04_vs_D,60,0.65,-22.583333333333332,24.31666666666667,0.9589576721191406,0.01179940132322499
full-002,response_words,contrast,E04_vs_T13,60,57.4,32.16666666666667,86.55,0.0001373291015625,0.9066587429179019
full-002,response_words,contrast,E04_vs_A,60,79.28333333333333,49.400000000000006,109.51666666666668,6.103515625e-05,1.1259318580422402
full-002,response_words,contrast,E05_vs_D,60,21.45,-12.233333333333334,54.166666666666664,0.2237873077392578,0.2797997922321349
full-002,response_words,contrast,E05_vs_T16,60,70.61666666666666,30.166666666666668,121.91666666666667,0.001071929931640625,0.6436153592105432
full-002,response_words,contrast,E05_vs_A,60,100.08333333333333,53.416666666666664,151.88333333333335,0.0003185272216796875,0.8581647454267548
full-002,response_words,contrast,E06_vs_D,60,19.15,-13.116666666666669,50.05,0.2601737976074219,0.2599651235649982
full-002,response_words,contrast,E06_vs_T19,60,42.25,7.5666666666666655,80.11666666666665,0.03377723693847656,0.498488636167326
full-002,response_words,contrast,E06_vs_A,60,97.78333333333333,57.31666666666666,141.5,5.91278076171875e-05,0.9872253148969529
full-002,response_words,contrast,E07_vs_D,60,17.383333333333333,-12.366666666666665,52.95,0.3549385070800781,0.22951782011601307
full-002,response_words,contrast,E07_vs_T22,60,76.31666666666666,29.766666666666673,133.44999999999996,0.0020389556884765625,0.6215738836349064
full-002,response_words,contrast,E07_vs_A,60,96.01666666666667,50.116666666666674,154.61666666666667,9.1552734375e-05,0.7789881982485726
full-002,response_words,contrast,E08_vs_D,60,-21.45,-47.016666666666666,2.6166666666666694,0.11295318603515625,-0.37377213908262774
full-002,response_words,contrast,E08_vs_T25,60,69.4,32.53333333333334,112.16666666666666,0.00017547607421875,0.7343366080874685
full-002,response_words,contrast,E08_vs_A,60,57.18333333333333,31.55,86.44999999999997,0.00030517578125,0.8791730835479761
full-002,coverage,condition_mean,A,60,0.8775,0.7958333333333332,0.95,,
full-002,coverage,condition_mean,B,60,0.8925,0.8291666666666667,0.9458333333333332,,
full-002,coverage,condition_mean,D,60,0.9283333333333333,0.8733333333333332,0.9749999999999999,,
full-002,coverage,condition_mean,T01,60,0.8608333333333333,0.7816666666666666,0.9333333333333332,,
full-002,coverage,condition_mean,T02,60,0.8908333333333333,0.8066666666666666,0.9608333333333333,,
full-002,coverage,condition_mean,T03,60,0.8841666666666665,0.8074999999999998,0.9483333333333334,,
full-002,coverage,condition_mean,T04,60,0.8633333333333333,0.7733333333333333,0.9416666666666664,,
full-002,coverage,condition_mean,T05,60,0.9358333333333334,0.8916666666666664,0.9766666666666666,,
full-002,coverage,condition_mean,T06,60,0.925,0.8691666666666668,0.9716666666666665,,
full-002,coverage,condition_mean,T07,60,0.9158333333333334,0.855,0.9650000000000001,,
full-002,coverage,condition_mean,T08,60,0.8941666666666667,0.8133333333333336,0.9583333333333331,,
full-002,coverage,condition_mean,T09,60,0.8724999999999998,0.8008333333333331,0.9366666666666663,,
full-002,coverage,condition_mean,T10,60,0.88,0.8041666666666665,0.9491666666666666,,
full-002,coverage,condition_mean,T11,60,0.8358333333333332,0.7408333333333331,0.9199999999999996,,
full-002,coverage,condition_mean,T12,60,0.8424999999999999,0.7341666666666667,0.9341666666666665,,
full-002,coverage,condition_mean,T13,60,0.9008333333333333,0.8266666666666665,0.9599999999999999,,
full-002,coverage,condition_mean,T14,60,0.935,0.8849999999999999,0.9775000000000001,,
full-002,coverage,condition_mean,T15,60,0.9341666666666665,0.8800000000000001,0.9766666666666665,,
full-002,coverage,condition_mean,T16,60,0.9008333333333332,0.8266666666666665,0.9616666666666666,,
full-002,coverage,condition_mean,T17,60,0.8875,0.805833333333333,0.9583333333333333,,
full-002,coverage,condition_mean,T18,60,0.8308333333333332,0.7349999999999997,0.9199999999999998,,
full-002,coverage,condition_mean,T19,60,0.9199999999999998,0.8708333333333331,0.9633333333333333,,
full-002,coverage,condition_mean,T20,60,0.9158333333333332,0.8458333333333333,0.9699999999999999,,
full-002,coverage,condition_mean,T21,60,0.9124999999999999,0.8516666666666668,0.963333333333333,,
full-002,coverage,condition_mean,T22,60,0.9066666666666666,0.8283333333333334,0.9733333333333332,,
full-002,coverage,condition_mean,T23,60,0.8858333333333335,0.8083333333333333,0.9533333333333334,,
full-002,coverage,condition_mean,T24,60,0.8816666666666665,0.8024999999999997,0.9499999999999998,,
full-002,coverage,condition_mean,T25,60,0.8624999999999997,0.7791666666666666,0.9341666666666665,,
full-002,coverage,condition_mean,T26,60,0.8733333333333333,0.7958333333333332,0.94,,
full-002,coverage,condition_mean,E01,60,0.9450000000000001,0.8974999999999999,0.9833333333333332,,
full-002,coverage,condition_mean,E02,60,0.9416666666666667,0.9016666666666665,0.9774999999999999,,
full-002,coverage,condition_mean,E03,60,0.9508333333333333,0.9141666666666666,0.9833333333333332,,
full-002,coverage,condition_mean,E04,60,0.9208333333333333,0.8566666666666666,0.9733333333333333,,
full-002,coverage,condition_mean,E05,60,0.9316666666666666,0.8833333333333333,0.973333333333333,,
full-002,coverage,condition_mean,E06,60,0.9466666666666667,0.9008333333333332,0.9849999999999999,,
full-002,coverage,condition_mean,E07,60,0.94,0.8949999999999999,0.9766666666666667,,
full-002,coverage,condition_mean,E08,60,0.9450000000000001,0.8966666666666666,0.9841666666666666,,
full-002,coverage,contrast,T01_vs_A,60,-0.016666666666666666,-0.05083333333333333,0.009166666666666667,0.46875,-0.2385083385228076
full-002,coverage,contrast,T01_vs_B,60,-0.031666666666666676,-0.08166666666666667,0.01083333333333333,0.22265625,-0.2899603070281784
full-002,coverage,contrast,T01_vs_D,60,-0.06749999999999999,-0.13416666666666666,-0.011666666666666664,0.0546875,-0.46898025767809987
full-002,coverage,contrast,T02_vs_A,60,0.013333333333333334,-0.02666666666666666,0.06,0.640625,0.13400108435526734
full-002,coverage,contrast,T02_vs_B,60,-0.001666666666666668,-0.04583333333333334,0.03583333333333333,1.0,-0.016892926989629742
full-002,coverage,contrast,T02_vs_D,60,-0.0375,-0.10750000000000001,0.021666666666666667,0.34375,-0.2453606454719759
full-002,coverage,contrast,T03_vs_A,60,0.006666666666666669,-0.033333333333333326,0.05333333333333333,0.890625,0.06741998624632421
full-002,coverage,contrast,T03_vs_B,60,-0.008333333333333335,-0.048333333333333325,0.024999999999999994,0.71875,-0.0977616697094844
full-002,coverage,contrast,T03_vs_D,60,-0.044166666666666674,-0.10666666666666666,0.009166666666666667,0.1875,-0.32380626466070017
full-002,coverage,contrast,T04_vs_A,60,-0.014166666666666666,-0.05083333333333333,0.017499999999999998,0.5078125,-0.1789760736944497
full-002,coverage,contrast,T04_vs_B,60,-0.029166666666666674,-0.08916666666666666,0.019999999999999997,0.375,-0.22918910560832045
full-002,coverage,contrast,T04_vs_D,60,-0.065,-0.14333333333333337,0.0075000000000000015,0.1171875,-0.3702769752883554
full-002,coverage,contrast,T05_vs_A,60,0.058333333333333334,0.003333333333333334,0.12416666666666668,0.09375,0.414147382621279
full-002,coverage,contrast,T05_vs_B,60,0.04333333333333334,0.01083333333333333,0.07999999999999999,0.0390625,0.532594821432066
full-002,coverage,contrast,T05_vs_D,60,0.0075000000000000015,-0.024166666666666663,0.041666666666666664,0.71875,0.0951525425497852
full-002,coverage,contrast,T06_vs_A,60,0.047499999999999994,-0.004999999999999995,0.10333333333333332,0.1171875,0.3734531605370176
full-002,coverage,contrast,T06_vs_B,60,0.032499999999999994,-0.015000000000000003,0.07666666666666665,0.197265625,0.30935156476393566
full-002,coverage,contrast,T06_vs_D,60,-0.0033333333333333327,-0.023333333333333327,0.01333333333333333,1.0,-0.08267123063134309
full-002,coverage,contrast,T07_vs_A,60,0.03833333333333333,-0.011666666666666662,0.09833333333333331,0.234375,0.30391369846501615
full-002,coverage,contrast,T07_vs_B,60,0.023333333333333327,-0.01583333333333333,0.06333333333333332,0.3046875,0.24896590390036696
full-002,coverage,contrast,T07_vs_D,60,-0.012499999999999999,-0.05833333333333333,0.03083333333333333,0.65625,-0.11783199075301981
full-002,coverage,contrast,T08_vs_A,60,0.016666666666666666,-0.01333333333333333,0.049166666666666664,0.390625,0.23102118196575383
full-002,coverage,contrast,T08_vs_B,60,0.0016666666666666644,-0.05333333333333333,0.0475,0.97265625,0.014203568085450818
full-002,coverage,contrast,T08_vs_D,60,-0.034166666666666665,-0.09749999999999998,0.020000000000000004,0.2890625,-0.24889296771071812
full-002,coverage,contrast,T09_vs_A,60,-0.004999999999999997,-0.040833333333333326,0.03666666666666666,0.81640625,-0.05605557173360622
full-002,coverage,contrast,T09_vs_B,60,-0.02,-0.05333333333333332,0.012499999999999997,0.265625,-0.263785726416033
full-002,coverage,contrast,T09_vs_D,60,-0.055833333333333325,-0.11249999999999998,-0.003333333333333332,0.07421875,-0.43505721115038076
full-002,coverage,contrast,T10_vs_A,60,0.0025000000000000005,-0.024999999999999998,0.033333333333333326,0.96875,0.035962467199050864
full-002,coverage,contrast,T10_vs_B,60,-0.012500000000000004,-0.05500000000000001,0.02749999999999999,0.6015625,-0.12845007229637834
full-002,coverage,contrast,T10_vs_D,60,-0.048333333333333325,-0.09499999999999999,-0.008333333333333333,0.0625,-0.47181644215201085
full-002,coverage,contrast,T11_vs_A,60,-0.041666666666666664,-0.11583333333333332,0.020000000000000004,0.3125,-0.25997460582611737
full-002,coverage,contrast,T11_vs_B,60,-0.05666666666666666,-0.13249999999999998,0.0041666666666666675,0.14453125,-0.35378702774183846
full-002,coverage,contrast,T11_vs_D,60,-0.0925,-0.18166666666666664,-0.01916666666666666,0.0390625,-0.485496156993924
full-002,coverage,contrast,T12_vs_A,60,-0.034999999999999996,-0.09749999999999999,0.020000000000000004,0.296875,-0.2540927129929478
full-002,coverage,contrast,T12_vs_B,60,-0.05,-0.13749999999999998,0.01833333333333333,0.34765625,-0.26952237562040743
full-002,coverage,contrast,T12_vs_D,60,-0.08583333333333333,-0.18083333333333332,-0.01083333333333333,0.0625,-0.43038355990669447
full-002,coverage,contrast,T13_vs_A,60,0.023333333333333334,-0.015,0.06499999999999999,0.333984375,0.244922668207869
full-002,coverage,contrast,T13_vs_B,60,0.00833333333333333,-0.030833333333333334,0.042499999999999996,0.7001953125,0.09717684889025043
full-002,coverage,contrast,T13_vs_D,60,-0.027499999999999993,-0.08499999999999999,0.023333333333333338,0.3984375,-0.21879546236599692
full-002,coverage,contrast,T14_vs_A,60,0.0575,0.0025,0.12416666666666665,0.09375,0.40585278907246936
full-002,coverage,contrast,T14_vs_B,60,0.042499999999999996,0.006666666666666663,0.07999999999999999,0.046875,0.4888692389567408
full-002,coverage,contrast,T14_vs_D,60,0.006666666666666665,-0.014999999999999996,0.03166666666666666,0.71875,0.12124435419267024
full-002,coverage,contrast,T15_vs_A,60,0.05666666666666666,0.004166666666666667,0.11666666666666667,0.07421875,0.4266169109757922
full-002,coverage,contrast,T15_vs_B,60,0.04166666666666665,0.009999999999999998,0.07749999999999999,0.025390625,0.5349248342648274
full-002,coverage,contrast,T15_vs_D,60,0.0058333333333333345,-0.032499999999999994,0.05166666666666667,0.84375,0.058395261733496774
full-002,coverage,contrast,T16_vs_A,60,0.023333333333333334,-0.01333333333333333,0.06333333333333332,0.375,0.252348747888464
full-002,coverage,contrast,T16_vs_B,60,0.00833333333333333,-0.02583333333333333,0.04416666666666666,0.6875,0.10285457981039672
full-002,coverage,contrast,T16_vs_D,60,-0.0275,-0.08083333333333331,0.0225,0.34375,-0.22851912029371022
full-002,coverage,contrast,T17_vs_A,60,0.010000000000000002,-0.019999999999999997,0.04166666666666666,0.640625,0.14043925160368614
full-002,coverage,contrast,T17_vs_B,60,-0.0050000000000000044,-0.05166666666666666,0.03666666666666667,0.875,-0.04806439884257736
full-002,coverage,contrast,T17_vs_D,60,-0.040833333333333326,-0.09999999999999999,0.01416666666666667,0.1875,-0.3038912514505917
full-002,coverage,contrast,T18_vs_A,60,-0.046666666666666676,-0.10583333333333331,2.7755575615628915e-18,0.15625,-0.3732547616533442
full-002,coverage,contrast,T18_vs_B,60,-0.06166666666666667,-0.13416666666666668,-0.0008333333333333332,0.09375,-0.39159757623665203
full-002,coverage,contrast,T18_vs_D,60,-0.09749999999999999,-0.18166666666666667,-0.024166666666666666,0.025390625,-0.5206648727304741
full-002,coverage,contrast,T19_vs_A,60,0.042499999999999996,-0.0016666666666666635,0.09333333333333332,0.10546875,0.38936014849323874
full-002,coverage,contrast,T19_vs_B,60,0.0275,0.0008333333333333311,0.05833333333333333,0.125,0.4081266720688972
full-002,coverage,contrast,T19_vs_D,60,-0.008333333333333331,-0.040833333333333326,0.027499999999999997,0.6640625,-0.10425720702853736
full-002,coverage,contrast,T20_vs_A,60,0.03833333333333333,-0.01083333333333333,0.09583333333333331,0.2109375,0.30848322669974165
full-002,coverage,contrast,T20_vs_B,60,0.023333333333333327,-0.024166666666666663,0.07166666666666667,0.390625,0.21197271624535177
full-002,coverage,contrast,T20_vs_D,60,-0.012499999999999995,-0.06916666666666667,0.03666666666666667,0.703125,-0.10167877436311613
full-002,coverage,contrast,T21_vs_A,60,0.035,-0.005833333333333329,0.07833333333333334,0.142578125,0.358541075717097
full-002,coverage,contrast,T21_vs_B,60,0.02,-0.01,0.05166666666666666,0.2841796875,0.27598779870386947
full-002,coverage,contrast,T21_vs_D,60,-0.01583333333333333,-0.06083333333333333,0.03083333333333333,0.5546875,-0.1466847173328394
full-002,coverage,contrast,T22_vs_A,60,0.029166666666666667,-0.016666666666666666,0.08166666666666665,0.34375,0.2520730321569793
full-002,coverage,contrast,T22_vs_B,60,0.014166666666666664,-0.018333333333333333,0.04583333333333332,0.4609375,0.18844858784978785
full-002,coverage,contrast,T22_vs_D,60,-0.02166666666666667,-0.07666666666666666,0.03916666666666667,0.53125,-0.15643003269446482
full-002,coverage,contrast,T23_vs_A,60,0.008333333333333331,-0.027500000000000004,0.03916666666666666,0.671875,0.10621986788045616
full-002,coverage,contrast,T23_vs_B,60,-0.006666666666666672,-0.054166666666666675,0.03416666666666666,0.814453125,-0.0638020505972793
full-002,coverage,contrast,T23_vs_D,60,-0.042499999999999996,-0.10166666666666666,0.0125,0.21875,-0.31655140717066277
full-002,coverage,contrast,T24_vs_A,60,0.004166666666666668,-0.012499999999999997,0.024166666666666663,0.75,0.09958158812305941
full-002,coverage,contrast,T24_vs_B,60,-0.010833333333333335,-0.052500000000000005,0.019999999999999997,0.703125,-0.12490400550734646
full-002,coverage,contrast,T24_vs_D,60,-0.04666666666666666,-0.09833333333333333,-0.0016666666666666635,0.09375,-0.40929374234328036
full-002,coverage,contrast,T25_vs_A,60,-0.014999999999999998,-0.04583333333333332,0.023333333333333338,0.453125,-0.18497352988619567
full-002,coverage,contrast,T25_vs_B,60,-0.030000000000000002,-0.06583333333333333,0.0008333333333333311,0.1328125,-0.38598386375393007
full-002,coverage,contrast,T25_vs_D,60,-0.06583333333333334,-0.11833333333333329,-0.021666666666666664,0.01171875,-0.5742567751121156
full-002,coverage,contrast,T26_vs_A,60,-0.004166666666666667,-0.020833333333333332,0.012499999999999997,0.8125,-0.10596845955662366
full-002,coverage,contrast,T26_vs_B,60,-0.019166666666666672,-0.06000000000000001,0.014999999999999996,0.40625,-0.2117227188517918
full-002,coverage,contrast,T26_vs_D,60,-0.055,-0.10749999999999997,-0.005,0.060546875,-0.4608575192493394
full-002,coverage,contrast,B_vs_A,60,0.015000000000000003,-0.02166666666666666,0.06083333333333333,0.5625,0.15437262516933614
full-002,coverage,contrast,D_vs_A,60,0.05083333333333333,-0.0008333333333333332,0.11083333333333331,0.109375,0.38984872510000684
full-002,coverage,contrast,E01_vs_D,60,0.016666666666666666,-0.012499999999999999,0.049999999999999996,0.375,0.22660836558113065
full-002,coverage,contrast,E01_vs_T01,60,0.08416666666666665,0.029999999999999992,0.14999999999999997,0.0078125,0.5923511028968829
full-002,coverage,contrast,E01_vs_A,60,0.06749999999999999,0.01833333333333333,0.12833333333333333,0.03125,0.5208123318509756
full-002,coverage,contrast,E02_vs_D,60,0.01333333333333333,-0.016666666666666666,0.04749999999999999,0.4921875,0.175857150944022
full-002,coverage,contrast,E02_vs_T07,60,0.02583333333333333,-0.0016666666666666676,0.06000000000000001,0.25,0.3434638811482855
full-002,coverage,contrast,E02_vs_A,60,0.06416666666666666,0.01416666666666667,0.12333333333333334,0.04296875,0.5081766885977418
full-002,coverage,contrast,E03_vs_D,60,0.022500000000000003,-0.009166666666666665,0.055833333333333325,0.234375,0.29700453326168286
full-002,coverage,contrast,E03_vs_T10,60,0.07083333333333333,0.02083333333333333,0.13166666666666665,0.015625,0.5388934748904077
full-002,coverage,contrast,E03_vs_A,60,0.07333333333333333,0.016666666666666666,0.14416666666666667,0.0625,0.4870253653292382
full-002,coverage,contrast,E04_vs_D,60,-0.007499999999999999,-0.056666666666666664,0.04083333333333333,0.75,-0.06564108385609928
full-002,coverage,contrast,E04_vs_T13,60,0.019999999999999997,-0.005000000000000003,0.04583333333333332,0.15625,0.3425261818441235
full-002,coverage,contrast,E04_vs_A,60,0.043333333333333335,-0.00833333333333333,0.09749999999999999,0.171875,0.3456896043677329
full-002,coverage,contrast,E05_vs_D,60,0.0033333333333333344,-0.019166666666666665,0.028333333333333332,0.921875,0.05809283927587993
full-002,coverage,contrast,E05_vs_T16,60,0.03083333333333333,-0.005833333333333334,0.07333333333333333,0.2109375,0.3252894044507963
full-002,coverage,contrast,E05_vs_A,60,0.05416666666666667,0.0008333333333333359,0.11916666666666664,0.107421875,0.38995484994696317
full-002,coverage,contrast,E06_vs_D,60,0.01833333333333333,-0.025,0.06999999999999998,0.53125,0.1620193983858101
full-002,coverage,contrast,E06_vs_T19,60,0.026666666666666665,0.004166666666666667,0.05166666666666666,0.0625,0.48035407560534354
full-002,coverage,contrast,E06_vs_A,60,0.06916666666666665,0.011666666666666669,0.13499999999999998,0.046875,0.47927640462447546
full-002,coverage,contrast,E07_vs_D,60,0.011666666666666669,-0.03666666666666666,0.06666666666666665,0.71484375,0.0971610817463686
full-002,coverage,contrast,E07_vs_T22,60,0.03333333333333333,-0.01249999999999999,0.08499999999999999,0.23046875,0.291566777398123
full-002,coverage,contrast,E07_vs_A,60,0.0625,0.0075000000000000015,0.1275,0.0625,0.4485903358292061
full-002,coverage,contrast,E08_vs_D,60,0.016666666666666666,-0.013333333333333332,0.048333333333333325,0.375,0.23102118196575375
full-002,coverage,contrast,E08_vs_T25,60,0.0825,0.039999999999999994,0.12833333333333333,0.001953125,0.7863192912281163
full-002,coverage,contrast,E08_vs_A,60,0.06749999999999999,0.020833333333333332,0.12166666666666666,0.0234375,0.5706728355542808
full-002,verification_markers,condition_mean,A,60,0.31666666666666665,0.05,0.65,,
full-002,verification_markers,condition_mean,B,60,0.16666666666666666,0.016666666666666666,0.35,,
full-002,verification_markers,condition_mean,D,60,0.5,0.21666666666666667,0.8833333333333333,,
full-002,verification_markers,condition_mean,T01,60,0.3,0.06666666666666667,0.5833333333333334,,
full-002,verification_markers,condition_mean,T02,60,0.38333333333333336,0.1,0.75,,
full-002,verification_markers,condition_mean,T03,60,0.26666666666666666,0.08333333333333333,0.48333333333333334,,
full-002,verification_markers,condition_mean,T04,60,0.2,0.016666666666666666,0.4166666666666667,,
full-002,verification_markers,condition_mean,T05,60,0.31666666666666665,0.11666666666666667,0.55,,
full-002,verification_markers,condition_mean,T06,60,0.5833333333333334,0.26666666666666666,0.9666666666666667,,
full-002,verification_markers,condition_mean,T07,60,0.31666666666666665,0.11666666666666667,0.55,,
full-002,verification_markers,condition_mean,T08,60,0.25,0.06666666666666667,0.48333333333333334,,
full-002,verification_markers,condition_mean,T09,60,0.23333333333333334,0.03333333333333333,0.5,,
full-002,verification_markers,condition_mean,T10,60,0.26666666666666666,0.08333333333333333,0.5166666666666667,,
full-002,verification_markers,condition_mean,T11,60,0.25,0.016666666666666666,0.5333333333333333,,
full-002,verification_markers,condition_mean,T12,60,0.3,0.06666666666666667,0.6166666666666667,,
full-002,verification_markers,condition_mean,T13,60,0.36666666666666664,0.06666666666666667,0.7833333333333333,,
full-002,verification_markers,condition_mean,T14,60,0.43333333333333335,0.21666666666666667,0.6666666666666666,,
full-002,verification_markers,condition_mean,T15,60,0.35,0.08333333333333333,0.7,,
full-002,verification_markers,condition_mean,T16,60,0.31666666666666665,0.08333333333333333,0.6,,
full-002,verification_markers,condition_mean,T17,60,0.25,0.06666666666666667,0.4666666666666667,,
full-002,verification_markers,condition_mean,T18,60,0.23333333333333334,0.05,0.4666666666666667,,
full-002,verification_markers,condition_mean,T19,60,0.3333333333333333,0.11666666666666667,0.6,,
full-002,verification_markers,condition_mean,T20,60,0.26666666666666666,0.1,0.4666666666666667,,
full-002,verification_markers,condition_mean,T21,60,0.3333333333333333,0.1,0.6333333333333333,,
full-002,verification_markers,condition_mean,T22,60,0.26666666666666666,0.06666666666666667,0.5166666666666667,,
full-002,verification_markers,condition_mean,T23,60,0.26666666666666666,0.06666666666666667,0.5,,
full-002,verification_markers,condition_mean,T24,60,0.26666666666666666,0.08333333333333333,0.5166666666666667,,
full-002,verification_markers,condition_mean,T25,60,0.31666666666666665,0.1,0.6,,
full-002,verification_markers,condition_mean,T26,60,0.2833333333333333,0.06666666666666667,0.55,,
full-002,verification_markers,condition_mean,E01,60,0.5,0.23333333333333334,0.8166666666666667,,
full-002,verification_markers,condition_mean,E02,60,0.6833333333333333,0.36666666666666664,1.0666666666666667,,
full-002,verification_markers,condition_mean,E03,60,0.4666666666666667,0.2,0.7833333333333333,,
full-002,verification_markers,condition_mean,E04,60,0.48333333333333334,0.25,0.75,,
full-002,verification_markers,condition_mean,E05,60,0.55,0.26666666666666666,0.8666666666666667,,
full-002,verification_markers,condition_mean,E06,60,0.5833333333333334,0.2833333333333333,0.9166666666666666,,
full-002,verification_markers,condition_mean,E07,60,0.5,0.23333333333333334,0.8333333333333334,,
full-002,verification_markers,condition_mean,E08,60,0.55,0.26666666666666666,0.8833333333333333,,
full-002,verification_markers,contrast,T01_vs_A,60,-0.016666666666666666,-0.18333333333333335,0.13333333333333333,1.0,-0.04363264391748984
full-002,verification_markers,contrast,T01_vs_B,60,0.13333333333333333,0.016666666666666666,0.2833333333333333,0.125,0.402122030806041
full-002,verification_markers,contrast,T01_vs_D,60,-0.2,-0.4166666666666667,5.551115123125783e-18,0.12890625,-0.3907410541887957
full-002,verification_markers,contrast,T02_vs_A,60,0.06666666666666667,-0.03333333333333333,0.18333333333333332,0.40625,0.2604940361258638
full-002,verification_markers,contrast,T02_vs_B,60,0.21666666666666667,0.03333333333333333,0.45,0.125,0.44493311263892765
full-002,verification_markers,contrast,T02_vs_D,60,-0.11666666666666667,-0.35,0.11666666666666665,0.42578125,-0.21457754138323326
full-002,verification_markers,contrast,T03_vs_A,60,-0.05,-0.2333333333333333,0.11666666666666665,0.71875,-0.12236719453237174
full-002,verification_markers,contrast,T03_vs_B,60,0.1,0.0,0.19999999999999998,0.25,0.4094472601245848
full-002,verification_markers,contrast,T03_vs_D,60,-0.23333333333333334,-0.4999999999999999,0.0,0.1240234375,-0.39325712045772
full-002,verification_markers,contrast,T04_vs_A,60,-0.11666666666666667,-0.25,0.0,0.25,-0.3999570423668418
full-002,verification_markers,contrast,T04_vs_B,60,0.03333333333333333,-0.03333333333333333,0.09999999999999999,0.625,0.22360679774997896
full-002,verification_markers,contrast,T04_vs_D,60,-0.3,-0.6166666666666666,-0.03333333333333334,0.0703125,-0.4447638812063171
full-002,verification_markers,contrast,T05_vs_A,60,0.0,-0.13333333333333333,0.13333333333333333,1.0,-9.073781192124612e-18
full-002,verification_markers,contrast,T05_vs_B,60,0.15,0.05,0.26666666666666666,0.03125,0.592764593252413
full-002,verification_markers,contrast,T05_vs_D,60,-0.18333333333333332,-0.4666666666666666,0.05,0.24609375,-0.30708077994930577
full-002,verification_markers,contrast,T06_vs_A,60,0.26666666666666666,1.9428902930940238e-17,0.5333333333333334,0.09375,0.4253849796976628
full-002,verification_markers,contrast,T06_vs_B,60,0.4166666666666667,0.16666666666666669,0.7,0.0078125,0.6933752452815366
full-002,verification_markers,contrast,T06_vs_D,60,0.08333333333333333,-0.09999999999999998,0.26666666666666666,0.486328125,0.19978980551207964
full-002,verification_markers,contrast,T07_vs_A,60,0.0,-0.14999999999999997,0.15,1.0,0.0
full-002,verification_markers,contrast,T07_vs_B,60,0.15,0.05,0.2833333333333333,0.03125,0.545072698916619
full-002,verification_markers,contrast,T07_vs_D,60,-0.18333333333333332,-0.4833333333333333,0.06666666666666668,0.3046875,-0.2769195845443272
full-002,verification_markers,contrast,T08_vs_A,60,-0.06666666666666667,-0.18333333333333332,0.03333333333333334,0.4375,-0.23994948963429275
full-002,verification_markers,contrast,T08_vs_B,60,0.08333333333333333,0.0,0.16666666666666669,0.125,0.45444662957319293
full-002,verification_markers,contrast,T08_vs_D,60,-0.25,-0.5333333333333334,2.7755575615628915e-18,0.123046875,-0.39144068062940635
full-002,verification_markers,contrast,T09_vs_A,60,-0.08333333333333333,-0.19999999999999998,0.016666666666666666,0.25,-0.34899122022605644
full-002,verification_markers,contrast,T09_vs_B,60,0.06666666666666667,-0.016666666666666666,0.16666666666666666,0.375,0.28741728488762447
full-002,verification_markers,contrast,T09_vs_D,60,-0.26666666666666666,-0.5166666666666667,-0.033333333333333326,0.0703125,-0.4610720253793463
full-002,verification_markers,contrast,T10_vs_A,60,-0.05,-0.16666666666666669,0.06666666666666667,0.59375,-0.18456366115766215
full-002,verification_markers,contrast,T10_vs_B,60,0.1,0.03333333333333333,0.18333333333333335,0.0625,0.5251727826276826
full-002,verification_markers,contrast,T10_vs_D,60,-0.23333333333333334,-0.4833333333333334,-8.326672684688674e-18,0.11328125,-0.4070115022813531
full-002,verification_markers,contrast,T11_vs_A,60,-0.06666666666666667,-0.18333333333333335,0.03333333333333333,0.5,-0.2604940361258638
full-002,verification_markers,contrast,T11_vs_B,60,0.08333333333333333,-0.016666666666666666,0.19999999999999998,0.25,0.34899122022605644
full-002,verification_markers,contrast,T11_vs_D,60,-0.25,-0.5166666666666668,0.016666666666666666,0.11767578125,-0.39717638083196105
full-002,verification_markers,contrast,T12_vs_A,60,-0.016666666666666666,-0.13333333333333333,0.08333333333333333,1.0,-0.06586273258360144
full-002,verification_markers,contrast,T12_vs_B,60,0.13333333333333333,-0.016666666666666666,0.31666666666666665,0.25,0.33679791540461684
full-002,verification_markers,contrast,T12_vs_D,60,-0.2,-0.4166666666666667,-2.7755575615628915e-18,0.1171875,-0.4094472601245848
full-002,verification_markers,contrast,T13_vs_A,60,0.05,-0.1,0.23333333333333325,0.75,0.12689245413047318
full-002,verification_markers,contrast,T13_vs_B,60,0.2,0.0,0.4833333333333333,0.15625,0.3532952281706833
full-002,verification_markers,contrast,T13_vs_D,60,-0.13333333333333333,-0.36666666666666664,0.1,0.3515625,-0.24958982745138694
full-002,verification_markers,contrast,T14_vs_A,60,0.11666666666666667,-0.08333333333333333,0.31666666666666665,0.37109375,0.24571555687370214
full-002,verification_markers,contrast,T14_vs_B,60,0.26666666666666666,0.11666666666666667,0.4333333333333333,0.00390625,0.7239737088005909
full-002,verification_markers,contrast,T14_vs_D,60,-0.06666666666666667,-0.2833333333333333,0.11666666666666665,0.7109375,-0.14293392713726766
full-002,verification_markers,contrast,T15_vs_A,60,0.03333333333333333,-0.11666666666666665,0.18333333333333338,0.84375,0.09335735820102897
full-002,verification_markers,contrast,T15_vs_B,60,0.18333333333333332,0.016666666666666666,0.4333333333333333,0.09375,0.38413666267326807
full-002,verification_markers,contrast,T15_vs_D,60,-0.15,-0.3666666666666666,0.03333333333333333,0.21875,-0.331791857811296
full-002,verification_markers,contrast,T16_vs_A,60,0.0,-0.08333333333333334,0.06666666666666667,1.0,0.0
full-002,verification_markers,contrast,T16_vs_B,60,0.15,0.01666666666666667,0.3,0.09375,0.4505932764606645
full-002,verification_markers,contrast,T16_vs_D,60,-0.18333333333333332,-0.4333333333333333,0.05,0.217041015625,-0.31768201283961006
full-002,verification_markers,contrast,T17_vs_A,60,-0.06666666666666667,-0.2,0.05,0.5,-0.22360679774997896
full-002,verification_markers,contrast,T17_vs_B,60,0.08333333333333333,0.016666666666666666,0.16666666666666669,0.125,0.454446629573193
full-002,verification_markers,contrast,T17_vs_D,60,-0.25,-0.5666666666666667,0.016666666666666663,0.1484375,-0.36607723117527124
full-002,verification_markers,contrast,T18_vs_A,60,-0.08333333333333333,-0.2,0.016666666666666666,0.3125,-0.31790537866987095
full-002,verification_markers,contrast,T18_vs_B,60,0.06666666666666667,0.0,0.16666666666666666,0.5,0.3248931448269654
full-002,verification_markers,contrast,T18_vs_D,60,-0.26666666666666666,-0.5166666666666666,-0.05,0.05078125,-0.49714632810141074
full-002,verification_markers,contrast,T19_vs_A,60,0.016666666666666666,-0.15,0.16666666666666669,1.0,0.043632643917489805
full-002,verification_markers,contrast,T19_vs_B,60,0.16666666666666666,0.016666666666666666,0.31666666666666665,0.07421875,0.47559486560567116
full-002,verification_markers,contrast,T19_vs_D,60,-0.16666666666666666,-0.38333333333333325,0.01666666666666667,0.173828125,-0.3582992860422393
full-002,verification_markers,contrast,T20_vs_A,60,-0.05,-0.2166666666666667,0.11666666666666665,0.71875,-0.1268924541304732
full-002,verification_markers,contrast,T20_vs_B,60,0.1,0.03333333333333333,0.18333333333333335,0.0625,0.5251727826276826
full-002,verification_markers,contrast,T20_vs_D,60,-0.23333333333333334,-0.5,0.0,0.11328125,-0.39995704236684176
full-002,verification_markers,contrast,T21_vs_A,60,0.016666666666666666,-0.06666666666666667,0.09999999999999999,1.0,0.08267123063134307
full-002,verification_markers,contrast,T21_vs_B,60,0.16666666666666666,0.05,0.3,0.03125,0.5627314338711381
full-002,verification_markers,contrast,T21_vs_D,60,-0.16666666666666666,-0.4000000000000001,0.05000000000000001,0.2421875,-0.305183968946537
full-002,verification_markers,contrast,T22_vs_A,60,-0.05,-0.19999999999999998,0.08333333333333333,0.6875,-0.15180850471046045
full-002,verification_markers,contrast,T22_vs_B,60,0.1,0.016666666666666666,0.2166666666666667,0.125,0.4094472601245847
full-002,verification_markers,contrast,T22_vs_D,60,-0.23333333333333334,-0.4666666666666666,-0.03333333333333334,0.076171875,-0.4589482369101073
full-002,verification_markers,contrast,T23_vs_A,60,-0.05,-0.21666666666666665,0.11666666666666667,0.6875,-0.1268924541304732
full-002,verification_markers,contrast,T23_vs_B,60,0.1,0.0,0.2333333333333333,0.1875,0.37438474117708037
full-002,verification_markers,contrast,T23_vs_D,60,-0.23333333333333334,-0.5333333333333334,0.03333333333333335,0.1748046875,-0.345041603926103
full-002,verification_markers,contrast,T24_vs_A,60,-0.05,-0.2333333333333333,0.1,0.75,-0.1268924541304732
full-002,verification_markers,contrast,T24_vs_B,60,0.1,0.0,0.2333333333333333,0.1875,0.37438474117708037
full-002,verification_markers,contrast,T24_vs_D,60,-0.23333333333333334,-0.4666666666666665,-0.03333333333333333,0.076171875,-0.4589482369101073
full-002,verification_markers,contrast,T25_vs_A,60,0.0,-0.15,0.13333333333333333,1.0,-1.623167324683977e-17
full-002,verification_markers,contrast,T25_vs_B,60,0.15,-0.01666666666666666,0.3166666666666667,0.15625,0.37784173734338067
full-002,verification_markers,contrast,T25_vs_D,60,-0.18333333333333332,-0.4833333333333333,0.09999999999999999,0.300048828125,-0.2698133429342079
full-002,verification_markers,contrast,T26_vs_A,60,-0.03333333333333333,-0.13333333333333333,0.05,0.75,-0.1560736183952124
full-002,verification_markers,contrast,T26_vs_B,60,0.11666666666666667,0.016666666666666666,0.25,0.125,0.4306485427012118
full-002,verification_markers,contrast,T26_vs_D,60,-0.21666666666666667,-0.45,0.0,0.115234375,-0.40662637045490607
full-002,verification_markers,contrast,B_vs_A,60,-0.15,-0.3166666666666667,-2.7755575615628915e-18,0.1875,-0.3926937952574085
full-002,verification_markers,contrast,D_vs_A,60,0.18333333333333332,-0.08333333333333333,0.45,0.2529296875,0.29299769196724557
full-002,verification_markers,contrast,E01_vs_D,60,0.0,-0.18333333333333332,0.18333333333333332,1.0,1.2832264423908537e-17
full-002,verification_markers,contrast,E01_vs_T01,60,0.2,0.01666666666666668,0.38333333333333336,0.0703125,0.4712514425207863
full-002,verification_markers,contrast,E01_vs_A,60,0.18333333333333332,-0.03333333333333334,0.4,0.1640625,0.35758117072857987
full-002,verification_markers,contrast,E02_vs_D,60,0.18333333333333332,0.05,0.3166666666666667,0.02734375,0.582310523451804
full-002,verification_markers,contrast,E02_vs_T07,60,0.36666666666666664,0.10000000000000002,0.6500000000000001,0.02490234375,0.5658577436709895
full-002,verification_markers,contrast,E02_vs_A,60,0.36666666666666664,0.1166666666666667,0.6166666666666667,0.0174560546875,0.6200388379247843
full-002,verification_markers,contrast,E03_vs_D,60,-0.03333333333333333,-0.23333333333333334,0.15,0.87890625,-0.07285096135146335
full-002,verification_markers,contrast,E03_vs_T10,60,0.2,0.016666666666666666,0.45,0.11328125,0.39074105418879573
full-002,verification_markers,contrast,E03_vs_A,60,0.15,-0.06666666666666667,0.41666666666666663,0.34375,0.26956054889099335
full-002,verification_markers,contrast,E04_vs_D,60,-0.016666666666666666,-0.25000000000000006,0.18333333333333332,1.0,-0.032507379157143634
full-002,verification_markers,contrast,E04_vs_T13,60,0.11666666666666667,-0.14999999999999997,0.35,0.462890625,0.20287500343890558
full-002,verification_markers,contrast,E04_vs_A,60,0.16666666666666666,-0.03333333333333334,0.3833333333333333,0.181640625,0.34899122022605644
full-002,verification_markers,contrast,E05_vs_D,60,0.05,-0.18333333333333335,0.2833333333333333,0.794921875,0.09196180344995712
full-002,verification_markers,contrast,E05_vs_T16,60,0.23333333333333334,0.033333333333333326,0.4666666666666666,0.06982421875,0.45894823691010733
full-002,verification_markers,contrast,E05_vs_A,60,0.23333333333333334,0.01666666666666667,0.4666666666666667,0.0849609375,0.43949235143623877
full-002,verification_markers,contrast,E06_vs_D,60,0.08333333333333333,-0.11666666666666665,0.2666666666666667,0.5244140625,0.18225472069821186
full-002,verification_markers,contrast,E06_vs_T19,60,0.25,0.03333333333333334,0.4833333333333334,0.0703125,0.4730982873872994
full-002,verification_markers,contrast,E06_vs_A,60,0.26666666666666666,-0.016666666666666673,0.5833333333333333,0.1328125,0.3823007273781285
full-002,verification_markers,contrast,E07_vs_D,60,0.0,-0.1,0.1,1.0,1.1477526222844666e-17
full-002,verification_markers,contrast,E07_vs_T22,60,0.23333333333333334,0.06666666666666667,0.4333333333333333,0.03125,0.5552280123475076
full-002,verification_markers,contrast,E07_vs_A,60,0.18333333333333332,-0.03333333333333333,0.41666666666666663,0.16796875,0.3575811707285799
full-002,verification_markers,contrast,E08_vs_D,60,0.05,-0.14999999999999997,0.2333333333333333,0.736328125,0.11460209663437834
full-002,verification_markers,contrast,E08_vs_T25,60,0.23333333333333334,-1.1102230246251566e-17,0.4833333333333333,0.11328125,0.4070115022813531
full-002,verification_markers,contrast,E08_vs_A,60,0.23333333333333334,0.0,0.4666666666666667,0.09375,0.4306485427012116
full-002,alternatives_markers,condition_mean,A,60,0.016666666666666666,0.0,0.05,,
full-002,alternatives_markers,condition_mean,B,60,0.0,0.0,0.0,,
full-002,alternatives_markers,condition_mean,D,60,0.05,0.0,0.1,,
full-002,alternatives_markers,condition_mean,T01,60,0.03333333333333333,0.0,0.08333333333333333,,
full-002,alternatives_markers,condition_mean,T02,60,0.016666666666666666,0.0,0.05,,
full-002,alternatives_markers,condition_mean,T03,60,0.016666666666666666,0.0,0.05,,
full-002,alternatives_markers,condition_mean,T04,60,0.03333333333333333,0.0,0.08333333333333333,,
full-002,alternatives_markers,condition_mean,T05,60,0.06666666666666667,0.0,0.15,,
full-002,alternatives_markers,condition_mean,T06,60,0.03333333333333333,0.0,0.1,,
full-002,alternatives_markers,condition_mean,T07,60,0.016666666666666666,0.0,0.05,,
full-002,alternatives_markers,condition_mean,T08,60,0.03333333333333333,0.0,0.08333333333333333,,
full-002,alternatives_markers,condition_mean,T09,60,0.03333333333333333,0.0,0.1,,
full-002,alternatives_markers,condition_mean,T10,60,0.03333333333333333,0.0,0.08333333333333333,,
full-002,alternatives_markers,condition_mean,T11,60,0.016666666666666666,0.0,0.05,,
full-002,alternatives_markers,condition_mean,T12,60,0.05,0.0,0.13333333333333333,,
full-002,alternatives_markers,condition_mean,T13,60,0.016666666666666666,0.0,0.05,,
full-002,alternatives_markers,condition_mean,T14,60,0.016666666666666666,0.0,0.05,,
full-002,alternatives_markers,condition_mean,T15,60,0.016666666666666666,0.0,0.05,,
full-002,alternatives_markers,condition_mean,T16,60,0.016666666666666666,0.0,0.05,,
full-002,alternatives_markers,condition_mean,T17,60,0.016666666666666666,0.0,0.05,,
full-002,alternatives_markers,condition_mean,T18,60,0.03333333333333333,0.0,0.08333333333333333,,
full-002,alternatives_markers,condition_mean,T19,60,0.03333333333333333,0.0,0.08333333333333333,,
full-002,alternatives_markers,condition_mean,T20,60,0.03333333333333333,0.0,0.08333333333333333,,
full-002,alternatives_markers,condition_mean,T21,60,0.016666666666666666,0.0,0.05,,
full-002,alternatives_markers,condition_mean,T22,60,0.016666666666666666,0.0,0.05,,
full-002,alternatives_markers,condition_mean,T23,60,0.0,0.0,0.0,,
full-002,alternatives_markers,condition_mean,T24,60,0.016666666666666666,0.0,0.05,,
full-002,alternatives_markers,condition_mean,T25,60,0.05,0.0,0.1,,
full-002,alternatives_markers,condition_mean,T26,60,0.0,0.0,0.0,,
full-002,alternatives_markers,condition_mean,E01,60,0.03333333333333333,0.0,0.1,,
full-002,alternatives_markers,condition_mean,E02,60,0.03333333333333333,0.0,0.08333333333333333,,
full-002,alternatives_markers,condition_mean,E03,60,0.016666666666666666,0.0,0.05,,
full-002,alternatives_markers,condition_mean,E04,60,0.0,0.0,0.0,,
full-002,alternatives_markers,condition_mean,E05,60,0.03333333333333333,0.0,0.08333333333333333,,
full-002,alternatives_markers,condition_mean,E06,60,0.1,0.0,0.23333333333333334,,
full-002,alternatives_markers,condition_mean,E07,60,0.05,0.0,0.1,,
full-002,alternatives_markers,condition_mean,E08,60,0.05,0.0,0.1,,
full-002,alternatives_markers,contrast,T01_vs_A,60,0.016666666666666666,-0.03333333333333333,0.06666666666666667,1.0,0.1268924541304732
full-002,alternatives_markers,contrast,T01_vs_B,60,0.03333333333333333,0.0,0.08333333333333333,0.5,0.3248931448269655
full-002,alternatives_markers,contrast,T01_vs_D,60,-0.016666666666666666,-0.06666666666666667,0.03333333333333334,1.0,-0.1268924541304732
full-002,alternatives_markers,contrast,T02_vs_A,60,0.0,-0.05,0.05,1.0,0.0
full-002,alternatives_markers,contrast,T02_vs_B,60,0.016666666666666666,0.0,0.05,1.0,0.22360679774997896
full-002,alternatives_markers,contrast,T02_vs_D,60,-0.03333333333333333,-0.09999999999999999,0.03333333333333333,0.625,-0.223606797749979
full-002,alternatives_markers,contrast,T03_vs_A,60,0.0,-0.05,0.05,1.0,0.0
full-002,alternatives_markers,contrast,T03_vs_B,60,0.016666666666666666,0.0,0.05,1.0,0.22360679774997896
full-002,alternatives_markers,contrast,T03_vs_D,60,-0.03333333333333333,-0.09999999999999999,0.03333333333333333,0.625,-0.22360679774997896
full-002,alternatives_markers,contrast,T04_vs_A,60,0.016666666666666666,-0.03333333333333333,0.06666666666666667,1.0,0.1268924541304732
full-002,alternatives_markers,contrast,T04_vs_B,60,0.03333333333333333,0.0,0.08333333333333333,0.5,0.3248931448269655
full-002,alternatives_markers,contrast,T04_vs_D,60,-0.016666666666666666,-0.08333333333333333,0.05,1.0,-0.09795896894087645
full-002,alternatives_markers,contrast,T05_vs_A,60,0.05,0.0,0.09999999999999999,0.25,0.4094472601245848
full-002,alternatives_markers,contrast,T05_vs_B,60,0.06666666666666667,0.0,0.15,0.25,0.38230072737812837
full-002,alternatives_markers,contrast,T05_vs_D,60,0.016666666666666666,-0.08333333333333333,0.11666666666666665,1.0,0.07285096135146332
full-002,alternatives_markers,contrast,T06_vs_A,60,0.016666666666666666,-0.05,0.1,1.0,0.09795896894087641
full-002,alternatives_markers,contrast,T06_vs_B,60,0.03333333333333333,0.0,0.1,1.0,0.22360679774997896
full-002,alternatives_markers,contrast,T06_vs_D,60,-0.016666666666666666,-0.09999999999999999,0.06666666666666668,1.0,-0.08267123063134305
full-002,alternatives_markers,contrast,T07_vs_A,60,0.0,0.0,0.0,1.0,
full-002,alternatives_markers,contrast,T07_vs_B,60,0.016666666666666666,0.0,0.05,1.0,0.22360679774997896
full-002,alternatives_markers,contrast,T07_vs_D,60,-0.03333333333333333,-0.09999999999999999,0.03333333333333333,0.625,-0.223606797749979
full-002,alternatives_markers,contrast,T08_vs_A,60,0.016666666666666666,0.0,0.05,1.0,0.22360679774997896
full-002,alternatives_markers,contrast,T08_vs_B,60,0.03333333333333333,0.0,0.08333333333333333,0.5,0.3248931448269654
full-002,alternatives_markers,contrast,T08_vs_D,60,-0.016666666666666666,-0.08333333333333333,0.05,1.0,-0.09795896894087645
full-002,alternatives_markers,contrast,T09_vs_A,60,0.016666666666666666,0.0,0.05,1.0,0.22360679774997896
full-002,alternatives_markers,contrast,T09_vs_B,60,0.03333333333333333,0.0,0.1,1.0,0.22360679774997896
full-002,alternatives_markers,contrast,T09_vs_D,60,-0.016666666666666666,-0.09999999999999999,0.08333333333333333,1.0,-0.08267123063134306
full-002,alternatives_markers,contrast,T10_vs_A,60,0.016666666666666666,0.0,0.05,1.0,0.22360679774997896
full-002,alternatives_markers,contrast,T10_vs_B,60,0.03333333333333333,0.0,0.08333333333333333,0.5,0.3248931448269654
full-002,alternatives_markers,contrast,T10_vs_D,60,-0.016666666666666666,-0.08333333333333333,0.05,1.0,-0.09795896894087645
full-002,alternatives_markers,contrast,T11_vs_A,60,0.0,-0.05,0.05,1.0,0.0
full-002,alternatives_markers,contrast,T11_vs_B,60,0.016666666666666666,0.0,0.05,1.0,0.22360679774997896
full-002,alternatives_markers,contrast,T11_vs_D,60,-0.03333333333333333,-0.09999999999999999,0.03333333333333333,0.625,-0.22360679774997896
full-002,alternatives_markers,contrast,T12_vs_A,60,0.03333333333333333,0.0,0.08333333333333333,0.5,0.3248931448269654
full-002,alternatives_markers,contrast,T12_vs_B,60,0.05,0.0,0.13333333333333333,0.5,0.30652250154930555
full-002,alternatives_markers,contrast,T12_vs_D,60,0.0,-0.08333333333333333,0.1,1.0,0.0
full-002,alternatives_markers,contrast,T13_vs_A,60,0.0,-0.05,0.05,1.0,0.0
full-002,alternatives_markers,contrast,T13_vs_B,60,0.016666666666666666,0.0,0.05,1.0,0.22360679774997896
full-002,alternatives_markers,contrast,T13_vs_D,60,-0.03333333333333333,-0.09999999999999999,0.03333333333333333,0.625,-0.22360679774997896
full-002,alternatives_markers,contrast,T14_vs_A,60,0.0,-0.05,0.05,1.0,0.0
full-002,alternatives_markers,contrast,T14_vs_B,60,0.016666666666666666,0.0,0.05,1.0,0.22360679774997896
full-002,alternatives_markers,contrast,T14_vs_D,60,-0.03333333333333333,-0.09999999999999999,0.03333333333333333,0.625,-0.22360679774997896
full-002,alternatives_markers,contrast,T15_vs_A,60,0.0,-0.05,0.05,1.0,0.0
full-002,alternatives_markers,contrast,T15_vs_B,60,0.016666666666666666,0.0,0.05,1.0,0.22360679774997896
full-002,alternatives_markers,contrast,T15_vs_D,60,-0.03333333333333333,-0.09999999999999999,0.03333333333333333,0.625,-0.223606797749979
full-002,alternatives_markers,contrast,T16_vs_A,60,0.0,-0.05,0.05,1.0,0.0
full-002,alternatives_markers,contrast,T16_vs_B,60,0.016666666666666666,0.0,0.05,1.0,0.22360679774997896
full-002,alternatives_markers,contrast,T16_vs_D,60,-0.03333333333333333,-0.08333333333333333,0.0,0.5,-0.32489314482696546
full-002,alternatives_markers,contrast,T17_vs_A,60,0.0,-0.05,0.05,1.0,0.0
full-002,alternatives_markers,contrast,T17_vs_B,60,0.016666666666666666,0.0,0.05,1.0,0.22360679774997896
full-002,alternatives_markers,contrast,T17_vs_D,60,-0.03333333333333333,-0.09999999999999999,0.03333333333333333,0.625,-0.22360679774997896
full-002,alternatives_markers,contrast,T18_vs_A,60,0.016666666666666666,0.0,0.05,1.0,0.22360679774997896
full-002,alternatives_markers,contrast,T18_vs_B,60,0.03333333333333333,0.0,0.08333333333333333,0.5,0.3248931448269654
full-002,alternatives_markers,contrast,T18_vs_D,60,-0.016666666666666666,-0.08333333333333333,0.05,1.0,-0.09795896894087645
full-002,alternatives_markers,contrast,T19_vs_A,60,0.016666666666666666,0.0,0.05,1.0,0.22360679774997896
full-002,alternatives_markers,contrast,T19_vs_B,60,0.03333333333333333,0.0,0.08333333333333333,0.5,0.3248931448269654
full-002,alternatives_markers,contrast,T19_vs_D,60,-0.016666666666666666,-0.08333333333333333,0.05,1.0,-0.09795896894087645
full-002,alternatives_markers,contrast,T20_vs_A,60,0.016666666666666666,-0.03333333333333333,0.06666666666666667,1.0,0.1268924541304732
full-002,alternatives_markers,contrast,T20_vs_B,60,0.03333333333333333,0.0,0.08333333333333333,0.5,0.3248931448269655
full-002,alternatives_markers,contrast,T20_vs_D,60,-0.016666666666666666,-0.08333333333333333,0.05,1.0,-0.09795896894087645
full-002,alternatives_markers,contrast,T21_vs_A,60,0.0,-0.05,0.05,1.0,0.0
full-002,alternatives_markers,contrast,T21_vs_B,60,0.016666666666666666,0.0,0.05,1.0,0.22360679774997896
full-002,alternatives_markers,contrast,T21_vs_D,60,-0.03333333333333333,-0.09999999999999999,0.03333333333333333,0.625,-0.223606797749979
full-002,alternatives_markers,contrast,T22_vs_A,60,0.0,-0.05,0.05,1.0,0.0
full-002,alternatives_markers,contrast,T22_vs_B,60,0.016666666666666666,0.0,0.05,1.0,0.22360679774997896
full-002,alternatives_markers,contrast,T22_vs_D,60,-0.03333333333333333,-0.09999999999999999,0.03333333333333333,0.625,-0.22360679774997896
full-002,alternatives_markers,contrast,T23_vs_A,60,-0.016666666666666666,-0.05,0.0,1.0,-0.22360679774997896
full-002,alternatives_markers,contrast,T23_vs_B,60,0.0,0.0,0.0,1.0,
full-002,alternatives_markers,contrast,T23_vs_D,60,-0.05,-0.09999999999999999,0.0,0.25,-0.4094472601245848
full-002,alternatives_markers,contrast,T24_vs_A,60,0.0,0.0,0.0,1.0,
full-002,alternatives_markers,contrast,T24_vs_B,60,0.016666666666666666,0.0,0.05,1.0,0.22360679774997896
full-002,alternatives_markers,contrast,T24_vs_D,60,-0.03333333333333333,-0.09999999999999999,0.03333333333333333,0.625,-0.223606797749979
full-002,alternatives_markers,contrast,T25_vs_A,60,0.03333333333333333,0.0,0.08333333333333333,0.5,0.3248931448269655
full-002,alternatives_markers,contrast,T25_vs_B,60,0.05,0.0,0.09999999999999999,0.25,0.4094472601245848
full-002,alternatives_markers,contrast,T25_vs_D,60,0.0,-0.08333333333333333,0.08333333333333333,1.0,0.0
full-002,alternatives_markers,contrast,T26_vs_A,60,-0.016666666666666666,-0.05,0.0,1.0,-0.22360679774997896
full-002,alternatives_markers,contrast,T26_vs_B,60,0.0,0.0,0.0,1.0,
full-002,alternatives_markers,contrast,T26_vs_D,60,-0.05,-0.09999999999999999,0.0,0.25,-0.4094472601245848
full-002,alternatives_markers,contrast,B_vs_A,60,-0.016666666666666666,-0.05,0.0,1.0,-0.22360679774997896
full-002,alternatives_markers,contrast,D_vs_A,60,0.03333333333333333,-0.03333333333333333,0.09999999999999999,0.625,0.223606797749979
full-002,alternatives_markers,contrast,E01_vs_D,60,-0.016666666666666666,-0.09999999999999999,0.08333333333333333,1.0,-0.08267123063134305
full-002,alternatives_markers,contrast,E01_vs_T01,60,0.0,-0.05,0.05,1.0,0.0
full-002,alternatives_markers,contrast,E01_vs_A,60,0.016666666666666666,-0.05,0.1,1.0,0.09795896894087641
full-002,alternatives_markers,contrast,E02_vs_D,60,-0.016666666666666666,-0.08333333333333333,0.05,1.0,-0.09795896894087645
full-002,alternatives_markers,contrast,E02_vs_T07,60,0.016666666666666666,-0.03333333333333333,0.06666666666666667,1.0,0.1268924541304732
full-002,alternatives_markers,contrast,E02_vs_A,60,0.016666666666666666,-0.03333333333333333,0.06666666666666667,1.0,0.1268924541304732
full-002,alternatives_markers,contrast,E03_vs_D,60,-0.03333333333333333,-0.09999999999999999,0.03333333333333333,0.625,-0.22360679774997896
full-002,alternatives_markers,contrast,E03_vs_T10,60,-0.016666666666666666,-0.06666666666666667,0.03333333333333333,1.0,-0.1268924541304732
full-002,alternatives_markers,contrast,E03_vs_A,60,0.0,-0.05,0.05,1.0,0.0
full-002,alternatives_markers,contrast,E04_vs_D,60,-0.05,-0.09999999999999999,0.0,0.25,-0.4094472601245848
full-002,alternatives_markers,contrast,E04_vs_T13,60,-0.016666666666666666,-0.05,0.0,1.0,-0.22360679774997896
full-002,alternatives_markers,contrast,E04_vs_A,60,-0.016666666666666666,-0.05,0.0,1.0,-0.22360679774997896
full-002,alternatives_markers,contrast,E05_vs_D,60,-0.016666666666666666,-0.06666666666666667,0.03333333333333333,1.0,-0.1268924541304732
full-002,alternatives_markers,contrast,E05_vs_T16,60,0.016666666666666666,0.0,0.05,1.0,0.22360679774997896
full-002,alternatives_markers,contrast,E05_vs_A,60,0.016666666666666666,0.0,0.05,1.0,0.22360679774997896
full-002,alternatives_markers,contrast,E06_vs_D,60,0.05,-0.06666666666666667,0.19999999999999998,0.65625,0.16071968053094746
full-002,alternatives_markers,contrast,E06_vs_T19,60,0.06666666666666667,0.0,0.15,0.25,0.38230072737812837
full-002,alternatives_markers,contrast,E06_vs_A,60,0.08333333333333333,0.0,0.18333333333333332,0.25,0.39144068062940646
full-002,alternatives_markers,contrast,E07_vs_D,60,0.0,-0.06666666666666667,0.06666666666666667,1.0,0.0
full-002,alternatives_markers,contrast,E07_vs_T22,60,0.03333333333333333,0.0,0.08333333333333333,0.5,0.3248931448269654
full-002,alternatives_markers,contrast,E07_vs_A,60,0.03333333333333333,0.0,0.08333333333333333,0.5,0.32489314482696535
full-002,alternatives_markers,contrast,E08_vs_D,60,0.0,-0.08333333333333333,0.08333333333333333,1.0,0.0
full-002,alternatives_markers,contrast,E08_vs_T25,60,0.0,-0.05,0.05,1.0,0.0
full-002,alternatives_markers,contrast,E08_vs_A,60,0.03333333333333333,0.0,0.08333333333333333,0.5,0.32489314482696535
full-002,caveats_markers,condition_mean,A,60,0.18333333333333332,0.08333333333333333,0.3,,
full-002,caveats_markers,condition_mean,B,60,0.2,0.06666666666666667,0.35,,
full-002,caveats_markers,condition_mean,D,60,0.23333333333333334,0.1,0.4,,
full-002,caveats_markers,condition_mean,T01,60,0.1,0.016666666666666666,0.2,,
full-002,caveats_markers,condition_mean,T02,60,0.25,0.08333333333333333,0.43333333333333335,,
full-002,caveats_markers,condition_mean,T03,60,0.21666666666666667,0.08333333333333333,0.38333333333333336,,
full-002,caveats_markers,condition_mean,T04,60,0.15,0.03333333333333333,0.3,,
full-002,caveats_markers,condition_mean,T05,60,0.15,0.05,0.2833333333333333,,
full-002,caveats_markers,condition_mean,T06,60,0.2,0.08333333333333333,0.3333333333333333,,
full-002,caveats_markers,condition_mean,T07,60,0.16666666666666666,0.05,0.31666666666666665,,
full-002,caveats_markers,condition_mean,T08,60,0.13333333333333333,0.03333333333333333,0.25,,
full-002,caveats_markers,condition_mean,T09,60,0.25,0.06666666666666667,0.5,,
full-002,caveats_markers,condition_mean,T10,60,0.18333333333333332,0.06666666666666667,0.3333333333333333,,
full-002,caveats_markers,condition_mean,T11,60,0.18333333333333332,0.06666666666666667,0.31666666666666665,,
full-002,caveats_markers,condition_mean,T12,60,0.1,0.016666666666666666,0.2,,
full-002,caveats_markers,condition_mean,T13,60,0.13333333333333333,0.05,0.21666666666666667,,
full-002,caveats_markers,condition_mean,T14,60,0.2833333333333333,0.11666666666666667,0.48333333333333334,,
full-002,caveats_markers,condition_mean,T15,60,0.2,0.05,0.38333333333333336,,
full-002,caveats_markers,condition_mean,T16,60,0.11666666666666667,0.03333333333333333,0.21666666666666667,,
full-002,caveats_markers,condition_mean,T17,60,0.3333333333333333,0.11666666666666667,0.5833333333333334,,
full-002,caveats_markers,condition_mean,T18,60,0.25,0.08333333333333333,0.45,,
full-002,caveats_markers,condition_mean,T19,60,0.2833333333333333,0.1,0.5333333333333333,,
full-002,caveats_markers,condition_mean,T20,60,0.23333333333333334,0.08333333333333333,0.4,,
full-002,caveats_markers,condition_mean,T21,60,0.16666666666666666,0.05,0.3,,
full-002,caveats_markers,condition_mean,T22,60,0.2,0.08333333333333333,0.3333333333333333,,
full-002,caveats_markers,condition_mean,T23,60,0.18333333333333332,0.05,0.36666666666666664,,
full-002,caveats_markers,condition_mean,T24,60,0.18333333333333332,0.05,0.3333333333333333,,
full-002,caveats_markers,condition_mean,T25,60,0.2,0.08333333333333333,0.3333333333333333,,
full-002,caveats_markers,condition_mean,T26,60,0.08333333333333333,0.03333333333333333,0.15,,
full-002,caveats_markers,condition_mean,E01,60,0.2,0.08333333333333333,0.36666666666666664,,
full-002,caveats_markers,condition_mean,E02,60,0.2833333333333333,0.13333333333333333,0.43333333333333335,,
full-002,caveats_markers,condition_mean,E03,60,0.16666666666666666,0.06666666666666667,0.3,,
full-002,caveats_markers,condition_mean,E04,60,0.23333333333333334,0.1,0.4,,
full-002,caveats_markers,condition_mean,E05,60,0.31666666666666665,0.15,0.5,,
full-002,caveats_markers,condition_mean,E06,60,0.16666666666666666,0.03333333333333333,0.3333333333333333,,
full-002,caveats_markers,condition_mean,E07,60,0.23333333333333334,0.1,0.38333333333333336,,
full-002,caveats_markers,condition_mean,E08,60,0.2,0.05,0.4,,
full-002,caveats_markers,contrast,T01_vs_A,60,-0.08333333333333333,-0.19999999999999998,0.016666666666666666,0.25,-0.3489912202260565
full-002,caveats_markers,contrast,T01_vs_B,60,-0.1,-0.16666666666666669,-0.03333333333333333,0.03125,-0.6380774695464939
full-002,caveats_markers,contrast,T01_vs_D,60,-0.13333333333333333,-0.24999999999999994,-0.03333333333333333,0.0546875,-0.5305482838361476
full-002,caveats_markers,contrast,T02_vs_A,60,0.06666666666666667,-0.06666666666666667,0.21666666666666665,0.53125,0.1989556064385554
full-002,caveats_markers,contrast,T02_vs_B,60,0.05,-0.05,0.16666666666666666,0.5625,0.20129909839395219
full-002,caveats_markers,contrast,T02_vs_D,60,0.016666666666666666,-0.09999999999999999,0.15,1.0,0.05636716708407131
full-002,caveats_markers,contrast,T03_vs_A,60,0.03333333333333333,-0.08333333333333333,0.14999999999999997,0.78125,0.12689245413047323
full-002,caveats_markers,contrast,T03_vs_B,60,0.016666666666666666,-0.06666666666666667,0.1,1.0,0.08267123063134306
full-002,caveats_markers,contrast,T03_vs_D,60,-0.016666666666666666,-0.18333333333333332,0.14999999999999997,1.0,-0.04363264391748981
full-002,caveats_markers,contrast,T04_vs_A,60,-0.03333333333333333,-0.14999999999999997,0.08333333333333333,0.78125,-0.12689245413047318
full-002,caveats_markers,contrast,T04_vs_B,60,-0.05,-0.18333333333333335,0.08333333333333333,0.65625,-0.16071968053094743
full-002,caveats_markers,contrast,T04_vs_D,60,-0.08333333333333333,-0.2833333333333333,0.11666666666666665,0.546875,-0.17736108266015993
full-002,caveats_markers,contrast,T05_vs_A,60,-0.03333333333333333,-0.13333333333333333,0.06666666666666668,0.75,-0.13923991921155668
full-002,caveats_markers,contrast,T05_vs_B,60,-0.05,-0.11666666666666665,0.016666666666666666,0.375,-0.30652250154930544
full-002,caveats_markers,contrast,T05_vs_D,60,-0.08333333333333333,-0.18333333333333335,0.01666666666666667,0.2265625,-0.3489912202260564
full-002,caveats_markers,contrast,T06_vs_A,60,0.016666666666666666,-0.08333333333333333,0.13333333333333333,1.0,0.06586273258360144
full-002,caveats_markers,contrast,T06_vs_B,60,0.0,-0.1,0.08333333333333333,1.0,0.0
full-002,caveats_markers,contrast,T06_vs_D,60,-0.03333333333333333,-0.11666666666666665,0.05,0.6875,-0.18099342720014772
full-002,caveats_markers,contrast,T07_vs_A,60,-0.016666666666666666,-0.13333333333333333,0.1,1.0,-0.06056363321295765
full-002,caveats_markers,contrast,T07_vs_B,60,-0.03333333333333333,-0.1833333333333333,0.11666666666666665,0.828125,-0.09795896894087641
full-002,caveats_markers,contrast,T07_vs_D,60,-0.06666666666666667,-0.23333333333333334,0.1,0.58984375,-0.16715614398097434
full-002,caveats_markers,contrast,T08_vs_A,60,-0.05,-0.16666666666666666,0.05,0.5625,-0.20129909839395219
full-002,caveats_markers,contrast,T08_vs_B,60,-0.06666666666666667,-0.16666666666666666,0.016666666666666666,0.3125,-0.3248931448269654
full-002,caveats_markers,contrast,T08_vs_D,60,-0.1,-0.2166666666666667,0.033333333333333326,0.21875,-0.34701950263820563
full-002,caveats_markers,contrast,T09_vs_A,60,0.06666666666666667,-0.11666666666666665,0.28333333333333344,0.703125,0.13923991921155668
full-002,caveats_markers,contrast,T09_vs_B,60,0.05,-0.11666666666666665,0.23333333333333334,0.71875,0.12236719453237169
full-002,caveats_markers,contrast,T09_vs_D,60,0.016666666666666666,-0.09999999999999999,0.15,1.0,0.056367167084071315
full-002,caveats_markers,contrast,T10_vs_A,60,0.0,-0.14999999999999997,0.14999999999999997,1.0,0.0
full-002,caveats_markers,contrast,T10_vs_B,60,-0.016666666666666666,-0.09999999999999999,0.08333333333333334,1.0,-0.07285096135146335
full-002,caveats_markers,contrast,T10_vs_D,60,-0.05,-0.13333333333333333,0.03333333333333334,0.453125,-0.25547441275501376
full-002,caveats_markers,contrast,T11_vs_A,60,0.0,-0.11666666666666667,0.09999999999999999,1.0,0.0
full-002,caveats_markers,contrast,T11_vs_B,60,-0.016666666666666666,-0.08333333333333333,0.05,1.0,-0.09795896894087645
full-002,caveats_markers,contrast,T11_vs_D,60,-0.05,-0.16666666666666669,0.08333333333333333,0.640625,-0.16071968053094743
full-002,caveats_markers,contrast,T12_vs_A,60,-0.08333333333333333,-0.18333333333333335,0.016666666666666666,0.25,-0.34899122022605644
full-002,caveats_markers,contrast,T12_vs_B,60,-0.1,-0.23333333333333334,0.016666666666666666,0.265625,-0.3248931448269654
full-002,caveats_markers,contrast,T12_vs_D,60,-0.13333333333333333,-0.26666666666666666,5.551115123125783e-18,0.1171875,-0.4253849796976627
full-002,caveats_markers,contrast,T13_vs_A,60,-0.05,-0.16666666666666666,0.05,0.5625,-0.20129909839395216
full-002,caveats_markers,contrast,T13_vs_B,60,-0.06666666666666667,-0.2,0.05,0.5,-0.22360679774997896
full-002,caveats_markers,contrast,T13_vs_D,60,-0.1,-0.2666666666666666,0.03333333333333333,0.34375,-0.29095268575239974
full-002,caveats_markers,contrast,T14_vs_A,60,0.1,-0.05,0.2833333333333333,0.375,0.25547441275501376
full-002,caveats_markers,contrast,T14_vs_B,60,0.08333333333333333,-0.03333333333333334,0.21666666666666665,0.34375,0.27458482368263804
full-002,caveats_markers,contrast,T14_vs_D,60,0.05,-0.06666666666666667,0.19999999999999998,0.65625,0.16071968053094746
full-002,caveats_markers,contrast,T15_vs_A,60,0.016666666666666666,-0.14999999999999997,0.19999999999999998,1.0,0.04198241526037565
full-002,caveats_markers,contrast,T15_vs_B,60,0.0,-0.13333333333333336,0.11666666666666667,1.0,-9.073781192124612e-18
full-002,caveats_markers,contrast,T15_vs_D,60,-0.03333333333333333,-0.15,0.08333333333333334,0.796875,-0.11733761520513779
full-002,caveats_markers,contrast,T16_vs_A,60,-0.06666666666666667,-0.16666666666666669,0.03333333333333333,0.359375,-0.28741728488762447
full-002,caveats_markers,contrast,T16_vs_B,60,-0.08333333333333333,-0.18333333333333332,0.0,0.1875,-0.39144068062940646
full-002,caveats_markers,contrast,T16_vs_D,60,-0.11666666666666667,-0.24999999999999994,0.01666666666666667,0.171875,-0.375012587905544
full-002,caveats_markers,contrast,T17_vs_A,60,0.15,-0.05,0.3833333333333333,0.2734375,0.2993006983496631
full-002,caveats_markers,contrast,T17_vs_B,60,0.13333333333333333,0.0,0.33333333333333337,0.25,0.32489314482696535
full-002,caveats_markers,contrast,T17_vs_D,60,0.1,-0.08333333333333333,0.35,0.6171875,0.19669210153290323
full-002,caveats_markers,contrast,T18_vs_A,60,0.06666666666666667,-0.1,0.25,0.609375,0.16133008789520317
full-002,caveats_markers,contrast,T18_vs_B,60,0.05,-0.09999999999999999,0.23333333333333334,0.75,0.1223671945323717
full-002,caveats_markers,contrast,T18_vs_D,60,0.016666666666666666,-0.11666666666666665,0.1833333333333333,1.0,0.0476162063023221
full-002,caveats_markers,contrast,T19_vs_A,60,0.1,-0.08333333333333334,0.3166666666666667,0.5,0.2115759861273467
full-002,caveats_markers,contrast,T19_vs_B,60,0.08333333333333333,-0.05,0.2333333333333333,0.390625,0.2586530658057318
full-002,caveats_markers,contrast,T19_vs_D,60,0.05,-0.06666666666666667,0.1833333333333333,0.6171875,0.1714101610143608
full-002,caveats_markers,contrast,T20_vs_A,60,0.05,-0.11666666666666667,0.24999999999999994,0.75,0.11829392780339776
full-002,caveats_markers,contrast,T20_vs_B,60,0.03333333333333333,-0.13333333333333333,0.19999999999999998,0.875,0.08934871726729444
full-002,caveats_markers,contrast,T20_vs_D,60,0.0,-0.11666666666666665,0.13333333333333336,1.0,1.814756238424922e-17
full-002,caveats_markers,contrast,T21_vs_A,60,-0.016666666666666666,-0.13333333333333333,0.09999999999999999,1.0,-0.06056363321295765
full-002,caveats_markers,contrast,T21_vs_B,60,-0.03333333333333333,-0.09999999999999999,0.03333333333333333,0.625,-0.223606797749979
full-002,caveats_markers,contrast,T21_vs_D,60,-0.06666666666666667,-0.15,0.01666666666666667,0.2890625,-0.3248931448269655
full-002,caveats_markers,contrast,T22_vs_A,60,0.016666666666666666,-0.11666666666666665,0.13333333333333336,1.0,0.0563671670840713
full-002,caveats_markers,contrast,T22_vs_B,60,0.0,-0.06666666666666667,0.06666666666666667,1.0,0.0
full-002,caveats_markers,contrast,T22_vs_D,60,-0.03333333333333333,-0.11666666666666665,0.05,0.6875,-0.1809934272001478
full-002,caveats_markers,contrast,T23_vs_A,60,0.0,-0.14999999999999997,0.16666666666666666,1.0,1.5476293201720257e-17
full-002,caveats_markers,contrast,T23_vs_B,60,-0.016666666666666666,-0.13333333333333333,0.1,1.0,-0.060563633212957664
full-002,caveats_markers,contrast,T23_vs_D,60,-0.05,-0.11666666666666665,0.016666666666666666,0.375,-0.30652250154930544
full-002,caveats_markers,contrast,T24_vs_A,60,0.0,-0.11666666666666665,0.13333333333333333,1.0,0.0
full-002,caveats_markers,contrast,T24_vs_B,60,-0.016666666666666666,-0.13333333333333336,0.13333333333333333,1.0,-0.05293732031380037
full-002,caveats_markers,contrast,T24_vs_D,60,-0.05,-0.13333333333333333,0.03333333333333333,0.453125,-0.25547441275501365
full-002,caveats_markers,contrast,T25_vs_A,60,0.016666666666666666,-0.1,0.13333333333333333,1.0,0.06056363321295765
full-002,caveats_markers,contrast,T25_vs_B,60,0.0,-0.13333333333333333,0.15,1.0,0.0
full-002,caveats_markers,contrast,T25_vs_D,60,-0.03333333333333333,-0.18333333333333332,0.09999999999999999,0.828125,-0.10331581342355485
full-002,caveats_markers,contrast,T26_vs_A,60,-0.1,-0.21666666666666665,0.0,0.15625,-0.40944726012458477
full-002,caveats_markers,contrast,T26_vs_B,60,-0.11666666666666667,-0.2833333333333333,0.016666666666666666,0.25,-0.3365417368360178
full-002,caveats_markers,contrast,T26_vs_D,60,-0.15,-0.31666666666666665,-0.016666666666666666,0.1171875,-0.4094472601245848
full-002,caveats_markers,contrast,B_vs_A,60,0.016666666666666666,-0.09999999999999999,0.13333333333333333,1.0,0.060563633212957664
full-002,caveats_markers,contrast,D_vs_A,60,0.05,-0.09999999999999999,0.2,0.68359375,0.1442321729297219
full-002,caveats_markers,contrast,E01_vs_D,60,-0.03333333333333333,-0.11666666666666665,0.06666666666666667,0.7265625,-0.15607361839521236
full-002,caveats_markers,contrast,E01_vs_T01,60,0.1,0.016666666666666666,0.2,0.109375,0.45665806175502216
full-002,caveats_markers,contrast,E01_vs_A,60,0.016666666666666666,-0.11666666666666665,0.16666666666666666,1.0,0.052937320313800364
full-002,caveats_markers,contrast,E02_vs_D,60,0.05,-0.08333333333333333,0.16666666666666669,0.6171875,0.1714101610143608
full-002,caveats_markers,contrast,E02_vs_T07,60,0.11666666666666667,-0.06666666666666665,0.29999999999999993,0.306640625,0.27601916487459494
full-002,caveats_markers,contrast,E02_vs_A,60,0.1,-0.06666666666666667,0.2666666666666666,0.3349609375,0.26582166394933543
full-002,caveats_markers,contrast,E03_vs_D,60,-0.06666666666666667,-0.18333333333333335,0.05,0.4375,-0.23994948963429275
full-002,caveats_markers,contrast,E03_vs_T10,60,-0.016666666666666666,-0.13333333333333333,0.08333333333333333,1.0,-0.06586273258360144
full-002,caveats_markers,contrast,E03_vs_A,60,-0.016666666666666666,-0.14999999999999997,0.11666666666666665,1.0,-0.05636716708407128
full-002,caveats_markers,contrast,E04_vs_D,60,0.0,-0.08333333333333333,0.1,1.0,0.0
full-002,caveats_markers,contrast,E04_vs_T13,60,0.1,-0.03333333333333333,0.26666666666666666,0.34375,0.2909526857523997
full-002,caveats_markers,contrast,E04_vs_A,60,0.05,-0.1,0.2,0.6953125,0.13768758621203217
full-002,caveats_markers,contrast,E05_vs_D,60,0.08333333333333333,-0.05,0.2333333333333333,0.40625,0.245207223136842
full-002,caveats_markers,contrast,E05_vs_T16,60,0.2,0.08333333333333333,0.33333333333333326,0.00390625,0.7310095758606723
full-002,caveats_markers,contrast,E05_vs_A,60,0.13333333333333333,0.016666666666666666,0.25,0.078125,0.4873397172404483
full-002,caveats_markers,contrast,E06_vs_D,60,-0.06666666666666667,-0.2333333333333333,0.13333333333333328,0.59375,-0.16133008789520317
full-002,caveats_markers,contrast,E06_vs_T19,60,-0.11666666666666667,-0.33333333333333337,0.06666666666666667,0.40625,-0.2523487478884639
full-002,caveats_markers,contrast,E06_vs_A,60,-0.016666666666666666,-0.1833333333333333,0.15,1.0,-0.04363264391748979
full-002,caveats_markers,contrast,E07_vs_D,60,0.0,-0.11666666666666665,0.11666666666666665,1.0,0.0
full-002,caveats_markers,contrast,E07_vs_T22,60,0.03333333333333333,-0.06666666666666667,0.13333333333333333,0.7265625,0.15607361839521236
full-002,caveats_markers,contrast,E07_vs_A,60,0.05,-0.08333333333333333,0.18333333333333332,0.640625,0.16071968053094746
full-002,caveats_markers,contrast,E08_vs_D,60,-0.03333333333333333,-0.11666666666666665,0.05,0.6875,-0.18099342720014783
full-002,caveats_markers,contrast,E08_vs_T25,60,0.0,-0.13333333333333333,0.1833333333333333,1.0,-1.4817422638912102e-17
full-002,caveats_markers,contrast,E08_vs_A,60,0.016666666666666666,-0.13333333333333333,0.2,1.0,0.041982415260375605
full-002,self_correction_markers,condition_mean,A,60,0.16666666666666666,0.03333333333333333,0.31666666666666665,,
full-002,self_correction_markers,condition_mean,B,60,0.16666666666666666,0.016666666666666666,0.3333333333333333,,
full-002,self_correction_markers,condition_mean,D,60,0.13333333333333333,0.03333333333333333,0.26666666666666666,,
full-002,self_correction_markers,condition_mean,T01,60,0.16666666666666666,0.03333333333333333,0.31666666666666665,,
full-002,self_correction_markers,condition_mean,T02,60,0.11666666666666667,0.0,0.26666666666666666,,
full-002,self_correction_markers,condition_mean,T03,60,0.15,0.03333333333333333,0.2833333333333333,,
full-002,self_correction_markers,condition_mean,T04,60,0.13333333333333333,0.016666666666666666,0.2833333333333333,,
full-002,self_correction_markers,condition_mean,T05,60,0.15,0.03333333333333333,0.3,,
full-002,self_correction_markers,condition_mean,T06,60,0.16666666666666666,0.05,0.31666666666666665,,
full-002,self_correction_markers,condition_mean,T07,60,0.15,0.03333333333333333,0.3,,
full-002,self_correction_markers,condition_mean,T08,60,0.11666666666666667,0.0,0.26666666666666666,,
full-002,self_correction_markers,condition_mean,T09,60,0.15,0.016666666666666666,0.3,,
full-002,self_correction_markers,condition_mean,T10,60,0.15,0.03333333333333333,0.3,,
full-002,self_correction_markers,condition_mean,T11,60,0.16666666666666666,0.03333333333333333,0.3333333333333333,,
full-002,self_correction_markers,condition_mean,T12,60,0.13333333333333333,0.016666666666666666,0.2833333333333333,,
full-002,self_correction_markers,condition_mean,T13,60,0.11666666666666667,0.03333333333333333,0.23333333333333334,,
full-002,self_correction_markers,condition_mean,T14,60,0.15,0.05,0.2833333333333333,,
full-002,self_correction_markers,condition_mean,T15,60,0.1,0.03333333333333333,0.18333333333333332,,
full-002,self_correction_markers,condition_mean,T16,60,0.08333333333333333,0.0,0.21666666666666667,,
full-002,self_correction_markers,condition_mean,T17,60,0.15,0.03333333333333333,0.2833333333333333,,
full-002,self_correction_markers,condition_mean,T18,60,0.16666666666666666,0.03333333333333333,0.31666666666666665,,
full-002,self_correction_markers,condition_mean,T19,60,0.2,0.06666666666666667,0.36666666666666664,,
full-002,self_correction_markers,condition_mean,T20,60,0.15,0.016666666666666666,0.3333333333333333,,
full-002,self_correction_markers,condition_mean,T21,60,0.11666666666666667,0.0,0.26666666666666666,,
full-002,self_correction_markers,condition_mean,T22,60,0.15,0.05,0.26666666666666666,,
full-002,self_correction_markers,condition_mean,T23,60,0.13333333333333333,0.0,0.31666666666666665,,
full-002,self_correction_markers,condition_mean,T24,60,0.16666666666666666,0.05,0.31666666666666665,,
full-002,self_correction_markers,condition_mean,T25,60,0.1,0.0,0.23333333333333334,,
full-002,self_correction_markers,condition_mean,T26,60,0.15,0.016666666666666666,0.3,,
full-002,self_correction_markers,condition_mean,E01,60,0.11666666666666667,0.016666666666666666,0.23333333333333334,,
full-002,self_correction_markers,condition_mean,E02,60,0.11666666666666667,0.016666666666666666,0.25,,
full-002,self_correction_markers,condition_mean,E03,60,0.11666666666666667,0.03333333333333333,0.21666666666666667,,
full-002,self_correction_markers,condition_mean,E04,60,0.15,0.016666666666666666,0.3,,
full-002,self_correction_markers,condition_mean,E05,60,0.13333333333333333,0.03333333333333333,0.26666666666666666,,
full-002,self_correction_markers,condition_mean,E06,60,0.15,0.03333333333333333,0.2833333333333333,,
full-002,self_correction_markers,condition_mean,E07,60,0.15,0.03333333333333333,0.2833333333333333,,
full-002,self_correction_markers,condition_mean,E08,60,0.2,0.05,0.38333333333333336,,
full-002,self_correction_markers,contrast,T01_vs_A,60,0.0,-0.13333333333333336,0.11666666666666665,1.0,-1.9400560241990576e-17
full-002,self_correction_markers,contrast,T01_vs_B,60,0.0,-0.06666666666666667,0.06666666666666667,1.0,0.0
full-002,self_correction_markers,contrast,T01_vs_D,60,0.03333333333333333,-0.09999999999999999,0.16666666666666666,0.8125,0.10966000390158759
full-002,self_correction_markers,contrast,T02_vs_A,60,-0.05,-0.16666666666666669,0.03333333333333333,0.75,-0.20129909839395216
full-002,self_correction_markers,contrast,T02_vs_B,60,-0.05,-0.16666666666666669,0.03333333333333333,0.75,-0.20129909839395216
full-002,self_correction_markers,contrast,T02_vs_D,60,-0.016666666666666666,-0.11666666666666667,0.09999999999999999,1.0,-0.06586273258360144
full-002,self_correction_markers,contrast,T03_vs_A,60,-0.016666666666666666,-0.08333333333333333,0.05,1.0,-0.09795896894087648
full-002,self_correction_markers,contrast,T03_vs_B,60,-0.016666666666666666,-0.11666666666666665,0.06666666666666667,1.0,-0.08267123063134309
full-002,self_correction_markers,contrast,T03_vs_D,60,0.016666666666666666,-0.08333333333333333,0.11666666666666665,1.0,0.07285096135146332
full-002,self_correction_markers,contrast,T04_vs_A,60,-0.03333333333333333,-0.16666666666666666,0.06666666666666667,0.875,-0.1268924541304732
full-002,self_correction_markers,contrast,T04_vs_B,60,-0.03333333333333333,-0.11666666666666665,0.03333333333333333,0.75,-0.18099342720014783
full-002,self_correction_markers,contrast,T04_vs_D,60,0.0,-0.11666666666666665,0.11666666666666665,1.0,0.0
full-002,self_correction_markers,contrast,T05_vs_A,60,-0.016666666666666666,-0.15,0.08333333333333333,1.0,-0.060563633212957664
full-002,self_correction_markers,contrast,T05_vs_B,60,-0.016666666666666666,-0.11666666666666665,0.06666666666666667,1.0,-0.08267123063134306
full-002,self_correction_markers,contrast,T05_vs_D,60,0.016666666666666666,-0.08333333333333334,0.13333333333333333,1.0,0.06586273258360144
full-002,self_correction_markers,contrast,T06_vs_A,60,0.0,-0.1,0.08333333333333333,1.0,0.0
full-002,self_correction_markers,contrast,T06_vs_B,60,0.0,-0.08333333333333334,0.06666666666666667,1.0,0.0
full-002,self_correction_markers,contrast,T06_vs_D,60,0.03333333333333333,-0.05,0.13333333333333333,0.75,0.15607361839521233
full-002,self_correction_markers,contrast,T07_vs_A,60,-0.016666666666666666,-0.15,0.08333333333333333,1.0,-0.060563633212957664
full-002,self_correction_markers,contrast,T07_vs_B,60,-0.016666666666666666,-0.11666666666666665,0.06666666666666667,1.0,-0.08267123063134306
full-002,self_correction_markers,contrast,T07_vs_D,60,0.016666666666666666,-0.1,0.13333333333333333,1.0,0.06056363321295765
full-002,self_correction_markers,contrast,T08_vs_A,60,-0.05,-0.16666666666666669,0.03333333333333333,0.75,-0.20129909839395216
full-002,self_correction_markers,contrast,T08_vs_B,60,-0.05,-0.13333333333333333,0.0,0.5,-0.30652250154930555
full-002,self_correction_markers,contrast,T08_vs_D,60,-0.016666666666666666,-0.11666666666666667,0.09999999999999999,1.0,-0.06586273258360144
full-002,self_correction_markers,contrast,T09_vs_A,60,-0.016666666666666666,-0.06666666666666667,0.03333333333333333,1.0,-0.12689245413047318
full-002,self_correction_markers,contrast,T09_vs_B,60,-0.016666666666666666,-0.1,0.05,1.0,-0.09795896894087641
full-002,self_correction_markers,contrast,T09_vs_D,60,0.016666666666666666,-0.06666666666666667,0.11666666666666665,1.0,0.0826712306313431
full-002,self_correction_markers,contrast,T10_vs_A,60,-0.016666666666666666,-0.11666666666666665,0.06666666666666667,1.0,-0.08267123063134307
full-002,self_correction_markers,contrast,T10_vs_B,60,-0.016666666666666666,-0.1,0.05,1.0,-0.09795896894087641
full-002,self_correction_markers,contrast,T10_vs_D,60,0.016666666666666666,-0.06666666666666667,0.11666666666666665,1.0,0.0826712306313431
full-002,self_correction_markers,contrast,T11_vs_A,60,0.0,-0.06666666666666667,0.06666666666666667,1.0,0.0
full-002,self_correction_markers,contrast,T11_vs_B,60,0.0,-0.05,0.05,1.0,0.0
full-002,self_correction_markers,contrast,T11_vs_D,60,0.03333333333333333,-0.05,0.14999999999999997,0.75,0.13923991921155668
full-002,self_correction_markers,contrast,T12_vs_A,60,-0.03333333333333333,-0.11666666666666667,0.03333333333333333,0.75,-0.18099342720014777
full-002,self_correction_markers,contrast,T12_vs_B,60,-0.03333333333333333,-0.1,0.0,1.0,-0.22360679774997896
full-002,self_correction_markers,contrast,T12_vs_D,60,0.0,-0.08333333333333333,0.1,1.0,0.0
full-002,self_correction_markers,contrast,T13_vs_A,60,-0.05,-0.16666666666666666,0.05,0.5625,-0.20129909839395216
full-002,self_correction_markers,contrast,T13_vs_B,60,-0.05,-0.14999999999999997,0.03333333333333333,0.5,-0.22360679774997907
full-002,self_correction_markers,contrast,T13_vs_D,60,-0.016666666666666666,-0.13333333333333333,0.1,1.0,-0.060563633212957664
full-002,self_correction_markers,contrast,T14_vs_A,60,-0.016666666666666666,-0.11666666666666667,0.06666666666666667,1.0,-0.07285096135146331
full-002,self_correction_markers,contrast,T14_vs_B,60,-0.016666666666666666,-0.11666666666666665,0.06666666666666667,1.0,-0.0826712306313431
full-002,self_correction_markers,contrast,T14_vs_D,60,0.016666666666666666,-0.06666666666666667,0.11666666666666665,1.0,0.08267123063134307
full-002,self_correction_markers,contrast,T15_vs_A,60,-0.06666666666666667,-0.16666666666666666,0.016666666666666666,0.3125,-0.3248931448269655
full-002,self_correction_markers,contrast,T15_vs_B,60,-0.06666666666666667,-0.16666666666666669,0.01666666666666667,0.375,-0.2874172848876245
full-002,self_correction_markers,contrast,T15_vs_D,60,-0.03333333333333333,-0.11666666666666665,0.05,0.6875,-0.1809934272001478
full-002,self_correction_markers,contrast,T16_vs_A,60,-0.08333333333333333,-0.20000000000000004,0.016666666666666666,0.3125,-0.31790537866987095
full-002,self_correction_markers,contrast,T16_vs_B,60,-0.08333333333333333,-0.2,0.0,0.25,-0.3489912202260564
full-002,self_correction_markers,contrast,T16_vs_D,60,-0.05,-0.15000000000000002,0.05,0.5625,-0.20129909839395213
full-002,self_correction_markers,contrast,T17_vs_A,60,-0.016666666666666666,-0.08333333333333333,0.03333333333333333,1.0,-0.1268924541304732
full-002,self_correction_markers,contrast,T17_vs_B,60,-0.016666666666666666,-0.1,0.06666666666666667,1.0,-0.08267123063134306
full-002,self_correction_markers,contrast,T17_vs_D,60,0.016666666666666666,-0.05,0.08333333333333333,1.0,0.09795896894087645
full-002,self_correction_markers,contrast,T18_vs_A,60,0.0,-0.06666666666666667,0.06666666666666667,1.0,0.0
full-002,self_correction_markers,contrast,T18_vs_B,60,0.0,-0.08333333333333334,0.06666666666666667,1.0,0.0
full-002,self_correction_markers,contrast,T18_vs_D,60,0.03333333333333333,-0.05,0.13333333333333333,0.75,0.15607361839521236
full-002,self_correction_markers,contrast,T19_vs_A,60,0.03333333333333333,-0.08333333333333333,0.14999999999999997,0.78125,0.1268924541304732
full-002,self_correction_markers,contrast,T19_vs_B,60,0.03333333333333333,-0.03333333333333333,0.11666666666666667,0.75,0.18099342720014774
full-002,self_correction_markers,contrast,T19_vs_D,60,0.06666666666666667,-0.05,0.19999999999999998,0.46875,0.22360679774997896
full-002,self_correction_markers,contrast,T20_vs_A,60,-0.016666666666666666,-0.13333333333333333,0.08333333333333334,1.0,-0.06586273258360144
full-002,self_correction_markers,contrast,T20_vs_B,60,-0.016666666666666666,-0.13333333333333336,0.06666666666666667,1.0,-0.06586273258360144
full-002,self_correction_markers,contrast,T20_vs_D,60,0.016666666666666666,-0.06666666666666667,0.13333333333333336,1.0,0.06586273258360145
full-002,self_correction_markers,contrast,T21_vs_A,60,-0.05,-0.13333333333333336,0.01666666666666667,0.5,-0.2554744127550137
full-002,self_correction_markers,contrast,T21_vs_B,60,-0.05,-0.15,0.0,1.0,-0.22360679774997907
full-002,self_correction_markers,contrast,T21_vs_D,60,-0.016666666666666666,-0.09999999999999999,0.08333333333333333,1.0,-0.0826712306313431
full-002,self_correction_markers,contrast,T22_vs_A,60,-0.016666666666666666,-0.09999999999999999,0.06666666666666667,1.0,-0.08267123063134306
full-002,self_correction_markers,contrast,T22_vs_B,60,-0.016666666666666666,-0.11666666666666665,0.08333333333333333,1.0,-0.07285096135146331
full-002,self_correction_markers,contrast,T22_vs_D,60,0.016666666666666666,-0.06666666666666667,0.11666666666666665,1.0,0.08267123063134306
full-002,self_correction_markers,contrast,T23_vs_A,60,-0.03333333333333333,-0.16666666666666669,0.08333333333333333,0.8125,-0.10966000390158759
full-002,self_correction_markers,contrast,T23_vs_B,60,-0.03333333333333333,-0.16666666666666666,0.06666666666666667,0.875,-0.12689245413047323
full-002,self_correction_markers,contrast,T23_vs_D,60,0.0,-0.11666666666666665,0.13333333333333336,1.0,0.0
full-002,self_correction_markers,contrast,T24_vs_A,60,0.0,-0.10000000000000002,0.09999999999999999,1.0,0.0
full-002,self_correction_markers,contrast,T24_vs_B,60,0.0,-0.13333333333333333,0.09999999999999999,1.0,-2.0955000055363632e-17
full-002,self_correction_markers,contrast,T24_vs_D,60,0.03333333333333333,-0.05,0.13333333333333333,0.75,0.15607361839521233
full-002,self_correction_markers,contrast,T25_vs_A,60,-0.06666666666666667,-0.18333333333333335,0.016666666666666666,0.5,-0.2604940361258638
full-002,self_correction_markers,contrast,T25_vs_B,60,-0.06666666666666667,-0.15,0.0,0.25,-0.38230072737812837
full-002,self_correction_markers,contrast,T25_vs_D,60,-0.03333333333333333,-0.15,0.08333333333333333,0.78125,-0.1268924541304732
full-002,self_correction_markers,contrast,T26_vs_A,60,-0.016666666666666666,-0.06666666666666667,0.03333333333333333,1.0,-0.12689245413047318
full-002,self_correction_markers,contrast,T26_vs_B,60,-0.016666666666666666,-0.1,0.05,1.0,-0.09795896894087641
full-002,self_correction_markers,contrast,T26_vs_D,60,0.016666666666666666,-0.06666666666666667,0.11666666666666665,1.0,0.0826712306313431
full-002,self_correction_markers,contrast,B_vs_A,60,0.0,-0.1,0.1,1.0,0.0
full-002,self_correction_markers,contrast,D_vs_A,60,-0.03333333333333333,-0.11666666666666665,0.05,0.6875,-0.18099342720014774
full-002,self_correction_markers,contrast,E01_vs_D,60,-0.016666666666666666,-0.08333333333333333,0.05,1.0,-0.09795896894087645
full-002,self_correction_markers,contrast,E01_vs_T01,60,-0.05,-0.13333333333333333,0.05,0.53125,-0.22360679774997905
full-002,self_correction_markers,contrast,E01_vs_A,60,-0.05,-0.09999999999999999,0.0,0.25,-0.4094472601245848
full-002,self_correction_markers,contrast,E02_vs_D,60,-0.016666666666666666,-0.08333333333333333,0.05,1.0,-0.09795896894087645
full-002,self_correction_markers,contrast,E02_vs_T07,60,-0.03333333333333333,-0.09999999999999999,0.03333333333333333,0.625,-0.22360679774997896
full-002,self_correction_markers,contrast,E02_vs_A,60,-0.05,-0.13333333333333333,0.0,0.5,-0.30652250154930555
full-002,self_correction_markers,contrast,E03_vs_D,60,-0.016666666666666666,-0.08333333333333333,0.05,1.0,-0.09795896894087645
full-002,self_correction_markers,contrast,E03_vs_T10,60,-0.03333333333333333,-0.13333333333333333,0.05,0.75,-0.15607361839521233
full-002,self_correction_markers,contrast,E03_vs_A,60,-0.05,-0.11666666666666665,0.016666666666666666,0.375,-0.30652250154930544
full-002,self_correction_markers,contrast,E04_vs_D,60,0.016666666666666666,-0.05,0.08333333333333333,1.0,0.09795896894087645
full-002,self_correction_markers,contrast,E04_vs_T13,60,0.03333333333333333,-0.06666666666666667,0.13333333333333333,0.75,0.1392399192115567
full-002,self_correction_markers,contrast,E04_vs_A,60,-0.016666666666666666,-0.05,0.0,1.0,-0.22360679774997896
full-002,self_correction_markers,contrast,E05_vs_D,60,0.0,-0.09999999999999999,0.11666666666666665,1.0,-1.1477526222844666e-17
full-002,self_correction_markers,contrast,E05_vs_T16,60,0.05,0.0,0.09999999999999999,0.25,0.4094472601245848
full-002,self_correction_markers,contrast,E05_vs_A,60,-0.03333333333333333,-0.13333333333333333,0.05,0.75,-0.15607361839521242
full-002,self_correction_markers,contrast,E06_vs_D,60,0.016666666666666666,-0.05,0.08333333333333333,1.0,0.09795896894087645
full-002,self_correction_markers,contrast,E06_vs_T19,60,-0.05,-0.11666666666666665,0.016666666666666666,0.375,-0.3065225015493055
full-002,self_correction_markers,contrast,E06_vs_A,60,-0.016666666666666666,-0.06666666666666667,0.03333333333333333,1.0,-0.12689245413047318
full-002,self_correction_markers,contrast,E07_vs_D,60,0.016666666666666666,-0.06666666666666667,0.11666666666666667,1.0,0.07285096135146332
full-002,self_correction_markers,contrast,E07_vs_T22,60,0.0,-0.08333333333333333,0.1,1.0,-1.2832264423908537e-17
full-002,self_correction_markers,contrast,E07_vs_A,60,-0.016666666666666666,-0.08333333333333333,0.05,1.0,-0.09795896894087648
full-002,self_correction_markers,contrast,E08_vs_D,60,0.06666666666666667,-0.03333333333333334,0.1833333333333333,0.40625,0.2604940361258638
full-002,self_correction_markers,contrast,E08_vs_T25,60,0.1,0.0,0.25,0.25,0.32489314482696546
full-002,self_correction_markers,contrast,E08_vs_A,60,0.03333333333333333,-0.03333333333333333,0.09999999999999999,0.625,0.223606797749979
full-002,constraint_completion,condition_mean,A,45,0.954709,0.9111110888888886,0.9896296222222222,,
full-002,constraint_completion,condition_mean,B,45,0.9638095333333333,0.9238095333333335,0.9923809555555555,,
full-002,constraint_completion,condition_mean,D,45,0.9644444444444442,0.9318518666666665,0.9911111111111112,,
full-002,constraint_completion,condition_mean,T01,45,0.9610582,0.922962933333333,0.9911111111111112,,
full-002,constraint_completion,condition_mean,T02,45,0.9631746222222222,0.9161905333333333,1.0,,
full-002,constraint_completion,condition_mean,T03,45,0.9354497111111111,0.8829629111111111,0.9777777777777777,,
full-002,constraint_completion,condition_mean,T04,45,0.9617989333333333,0.9213756666666667,0.9911111111111112,,
full-002,constraint_completion,condition_mean,T05,45,0.9398941777777778,0.8886772666666668,0.9822222222222221,,
full-002,constraint_completion,condition_mean,T06,45,0.9542857333333333,0.8933333333333334,1.0,,
full-002,constraint_completion,condition_mean,T07,45,0.9324867777777777,0.8844444222222224,0.9729100444444444,,
full-002,constraint_completion,condition_mean,T08,45,0.9632804222222221,0.9213756666666668,0.9918518444444444,,
full-002,constraint_completion,condition_mean,T09,45,0.9514285555555555,0.9035978444444447,0.9888888666666668,,
full-002,constraint_completion,condition_mean,T10,45,0.9231746000000001,0.8685714222222222,0.9733333111111112,,
full-002,constraint_completion,condition_mean,T11,45,0.9484655777777777,0.8995766444444445,0.9855026444444445,,
full-002,constraint_completion,condition_mean,T12,45,0.9762962888888889,0.9525925777777778,0.9955555555555555,,
full-002,constraint_completion,condition_mean,T13,45,0.9477248444444445,0.8988359333333332,0.9873016000000001,,
full-002,constraint_completion,condition_mean,T14,45,0.9599999777777778,0.9155555111111111,0.9940740666666668,,
full-002,constraint_completion,condition_mean,T15,45,0.9562962888888888,0.9192592444444445,0.9888888888888889,,
full-002,constraint_completion,condition_mean,T16,45,0.9591534666666667,0.9178836666666668,0.9892063555555555,,
full-002,constraint_completion,condition_mean,T17,45,0.9561904666666666,0.9056084666666666,0.9940740666666668,,
full-002,constraint_completion,condition_mean,T18,45,0.9606349333333333,0.9111111111111111,0.9936508000000001,,
full-002,constraint_completion,condition_mean,T19,45,0.9231746000000001,0.8651851333333336,0.9733333333333333,,
full-002,constraint_completion,condition_mean,T20,45,0.9283598000000001,0.8710053111111115,0.9755555333333336,,
full-002,constraint_completion,condition_mean,T21,45,0.9443386444444444,0.893968311111111,0.9851851777777777,,
full-002,constraint_completion,condition_mean,T22,45,0.9450793777777777,0.8923809777777778,0.9873016000000001,,
full-002,constraint_completion,condition_mean,T23,45,0.9647619111111111,0.9277248888888888,0.9918518444444444,,
full-002,constraint_completion,condition_mean,T24,45,0.9458200888888888,0.9020105333333334,0.9822222222222223,,
full-002,constraint_completion,condition_mean,T25,45,0.9252910222222224,0.8639153777777782,0.9769312222222223,,
full-002,constraint_completion,condition_mean,T26,45,0.9386243555555557,0.8861376000000004,0.9822222222222223,,
full-002,constraint_completion,condition_mean,E01,45,0.9470899555555555,0.8975661777777779,0.9866666666666668,,
full-002,constraint_completion,condition_mean,E02,45,0.9665608444444445,0.933121688888889,0.9940740666666668,,
full-002,constraint_completion,condition_mean,E03,45,0.9669841333333333,0.9333333333333331,0.9936508000000001,,
full-002,constraint_completion,condition_mean,E04,45,0.9669841333333333,0.9073016000000002,1.0,,
full-002,constraint_completion,condition_mean,E05,45,0.9599999777777778,0.9214814222222223,0.9896296222222222,,
full-002,constraint_completion,condition_mean,E06,45,0.938412688888889,0.8829629111111112,0.9847619111111112,,
full-002,constraint_completion,condition_mean,E07,45,0.9408465555555554,0.8889946888888887,0.9815873111111112,,
full-002,constraint_completion,condition_mean,E08,45,0.9506878222222223,0.8924867555555556,0.9911111111111112,,
full-002,constraint_completion,contrast,T01_vs_A,45,0.006349200000000003,-0.027301622222222224,0.03873013333333333,0.75,0.09480896958924499
full-002,constraint_completion,contrast,T01_vs_B,45,-0.0027513333333333326,-0.03428573333333333,0.02857142222222222,0.9375,-0.04287753885884418
full-002,constraint_completion,contrast,T01_vs_D,45,-0.0033862444444444466,-0.024973533333333336,0.017777777777777774,0.875,-0.07757491045374455
full-002,constraint_completion,contrast,T02_vs_A,45,0.008465622222222222,-0.016507911111111107,0.032169333333333335,0.65625,0.17261302611809046
full-002,constraint_completion,contrast,T02_vs_B,45,-0.0006349111111111114,-0.04317455555555556,0.031111111111111114,1.0,-0.008219634180269338
full-002,constraint_completion,contrast,T02_vs_D,45,-0.0012698222222222253,-0.05269835555555556,0.04296297777777777,1.0,-0.013177396177109814
full-002,constraint_completion,contrast,T03_vs_A,45,-0.019259288888888886,-0.04296302222222222,0.0,0.25,-0.4423789588723213
full-002,constraint_completion,contrast,T03_vs_B,45,-0.028359822222222216,-0.06052913333333333,0.002116377777777778,0.125,-0.44285087062905143
full-002,constraint_completion,contrast,T03_vs_D,45,-0.028994733333333335,-0.06455033333333333,0.0,0.1875,-0.43331892164365
full-002,constraint_completion,contrast,T04_vs_A,45,0.007089933333333333,-0.020105822222222222,0.04063488888888889,0.75,0.11619022332984766
full-002,constraint_completion,contrast,T04_vs_B,45,-0.002010600000000001,-0.0197884,0.014708977777777774,0.875,-0.056643743630605495
full-002,constraint_completion,contrast,T04_vs_D,45,-0.0026455111111111144,-0.027936533333333336,0.025502644444444438,0.875,-0.04819977489403041
full-002,constraint_completion,contrast,T05_vs_A,45,-0.014814822222222222,-0.035555555555555556,0.0,0.25,-0.39773387482259376
full-002,constraint_completion,contrast,T05_vs_B,45,-0.02391535555555556,-0.05333333333333334,0.004867711111111111,0.1875,-0.39424618406388534
full-002,constraint_completion,contrast,T05_vs_D,45,-0.024550266666666667,-0.05523804444444445,0.0,0.25,-0.4377671797703165
full-002,constraint_completion,contrast,T06_vs_A,45,-0.00042326666666666994,-0.028571422222222222,0.025185199999999998,1.0,-0.007581550920173625
full-002,constraint_completion,contrast,T06_vs_B,45,-0.009523800000000002,-0.04063491111111111,0.01714286666666666,0.625,-0.16666656944438374
full-002,constraint_completion,contrast,T06_vs_D,45,-0.010158711111111118,-0.06095237777777778,0.03555555555555555,0.75,-0.1028274310109367
full-002,constraint_completion,contrast,T07_vs_A,45,-0.022222222222222216,-0.04571426666666666,0.002328044444444449,0.125,-0.45131127690279227
full-002,constraint_completion,contrast,T07_vs_B,45,-0.031322755555555554,-0.05925928888888888,-0.010581999999999998,0.03125,-0.6313032572362677
full-002,constraint_completion,contrast,T07_vs_D,45,-0.03195766666666666,-0.05756613333333333,-0.010370377777777776,0.0625,-0.6587895139866954
full-002,constraint_completion,contrast,T08_vs_A,45,0.008571422222222222,-0.011851866666666665,0.031216911111111103,0.5,0.19219618173522227
full-002,constraint_completion,contrast,T08_vs_B,45,-0.0005291111111111111,-0.019470911111111107,0.020423266666666662,1.0,-0.012967294735684679
full-002,constraint_completion,contrast,T08_vs_D,45,-0.001164022222222225,-0.030899466666666667,0.030370377777777773,0.96875,-0.0186383240112353
full-002,constraint_completion,contrast,T09_vs_A,45,-0.0032804444444444413,-0.03386244444444444,0.03291,0.875,-0.04740494580125079
full-002,constraint_completion,contrast,T09_vs_B,45,-0.012380977777777774,-0.028148177777777776,0.002857111111111112,0.1875,-0.3926600072244708
full-002,constraint_completion,contrast,T09_vs_D,45,-0.01301588888888889,-0.03936513333333334,0.0114286,0.375,-0.25922897229421826
full-002,constraint_completion,contrast,T10_vs_A,45,-0.0315344,-0.06264551111111111,-0.006349199999999995,0.125,-0.5386576777878658
full-002,constraint_completion,contrast,T10_vs_B,45,-0.04063493333333333,-0.08444453333333332,-0.008888888888888882,0.125,-0.5097213511801482
full-002,constraint_completion,contrast,T10_vs_D,45,-0.04126984444444444,-0.0772487111111111,-0.01185186666666666,0.0625,-0.6115652436249972
full-002,constraint_completion,contrast,T11_vs_A,45,-0.0062434222222222235,-0.025185244444444446,0.013121644444444443,0.625,-0.15950980491742894
full-002,constraint_completion,contrast,T11_vs_B,45,-0.015343955555555556,-0.04497364444444444,0.009735422222222222,0.375,-0.2722405412709799
full-002,constraint_completion,contrast,T11_vs_D,45,-0.01597886666666667,-0.04380957777777778,0.01037035555555555,0.28125,-0.2886738098635879
full-002,constraint_completion,contrast,T12_vs_A,45,0.02158728888888889,0.0,0.05206346666666666,0.5,0.3723024833464931
full-002,constraint_completion,contrast,T12_vs_B,45,0.012486755555555557,-0.0114286,0.03915342222222221,0.375,0.2508915478936032
full-002,constraint_completion,contrast,T12_vs_D,45,0.011851844444444443,0.0,0.025185177777777772,0.25,0.4738790019975647
full-002,constraint_completion,contrast,T13_vs_A,45,-0.006984155555555555,-0.03492068888888889,0.027724822222222226,0.75,-0.10763912327725404
full-002,constraint_completion,contrast,T13_vs_B,45,-0.01608468888888889,-0.035343955555555556,0.0008465333333333348,0.1875,-0.4192250738357777
full-002,constraint_completion,contrast,T13_vs_D,45,-0.0167196,-0.03936513333333334,0.0,0.25,-0.4111740135555374
full-002,constraint_completion,contrast,T14_vs_A,45,0.005290977777777781,-0.026666688888888887,0.04021162222222222,0.84375,0.07649839036321526
full-002,constraint_completion,contrast,T14_vs_B,45,-0.0038095555555555526,-0.029418044444444437,0.01904757777777778,0.8125,-0.07693097889178716
full-002,constraint_completion,contrast,T14_vs_D,45,-0.0044444666666666665,-0.02370377777777777,0.014814844444444445,0.6875,-0.1098592697763423
full-002,constraint_completion,contrast,T15_vs_A,45,0.0015872888888888899,-0.03333333333333333,0.0380952,1.0,0.021995128402288202
full-002,constraint_completion,contrast,T15_vs_B,45,-0.007513244444444444,-0.04074075555555555,0.02201055555555555,0.6875,-0.11980563416759714
full-002,constraint_completion,contrast,T15_vs_D,45,-0.008148155555555557,-0.03481482222222222,0.011851844444444442,0.75,-0.17118101285576448
full-002,constraint_completion,contrast,T16_vs_A,45,0.0044444666666666665,-0.014603133333333334,0.023492066666666665,0.75,0.11138874649813928
full-002,constraint_completion,contrast,T16_vs_B,45,-0.004656066666666667,-0.020952377777777777,0.010158733333333331,0.75,-0.1457458565524342
full-002,constraint_completion,contrast,T16_vs_D,45,-0.005290977777777781,-0.03280417777777778,0.023280444444444437,0.8125,-0.09050779195855761
full-002,constraint_completion,contrast,T17_vs_A,45,0.0014814666666666668,-0.00888893333333333,0.01333333333333333,1.0,0.06936054331603662
full-002,constraint_completion,contrast,T17_vs_B,45,-0.007619066666666666,-0.036402133333333336,0.01862431111111111,0.6875,-0.13759164295622586
full-002,constraint_completion,contrast,T17_vs_D,45,-0.00825397777777778,-0.046349155555555556,0.02666666666666666,0.75,-0.11257638614356408
full-002,constraint_completion,contrast,T18_vs_A,45,0.005925933333333331,-0.021587288888888893,0.03259262222222222,0.796875,0.1065645525170944
full-002,constraint_completion,contrast,T18_vs_B,45,-0.0031746000000000027,-0.021587288888888896,0.014603177777777775,1.0,-0.08421511685051085
full-002,constraint_completion,contrast,T18_vs_D,45,-0.0038095111111111166,-0.04359784444444445,0.03661377777777777,0.875,-0.0475072277017243
full-002,constraint_completion,contrast,T19_vs_A,45,-0.031534400000000004,-0.08444446666666666,0.011428577777777778,0.3125,-0.31665244407310816
full-002,constraint_completion,contrast,T19_vs_B,45,-0.04063493333333334,-0.10391533333333333,0.014814800000000001,0.25,-0.3322683877984875
full-002,constraint_completion,contrast,T19_vs_D,45,-0.041269844444444446,-0.10179893333333333,0.007407377777777774,0.25,-0.3619501095095234
full-002,constraint_completion,contrast,T20_vs_A,45,-0.0263492,-0.05153437777777777,-0.0063492,0.125,-0.5522911878280456
full-002,constraint_completion,contrast,T20_vs_B,45,-0.03544973333333333,-0.06476186666666667,-0.009629644444444444,0.0625,-0.642126841011875
full-002,constraint_completion,contrast,T20_vs_D,45,-0.036084644444444446,-0.0755555111111111,-0.0030687777777777814,0.125,-0.48407215442090784
full-002,constraint_completion,contrast,T21_vs_A,45,-0.010370355555555554,-0.029629644444444443,0.010370399999999998,0.5,-0.25273127092885084
full-002,constraint_completion,contrast,T21_vs_B,45,-0.01947088888888889,-0.04719573333333334,0.006772466666666666,0.25,-0.3594658983691783
full-002,constraint_completion,contrast,T21_vs_D,45,-0.0201058,-0.054179844444444444,0.007407422222222223,0.3125,-0.3196098320801116
full-002,constraint_completion,contrast,T22_vs_A,45,-0.00962962222222222,-0.03777777777777778,0.013333355555555556,0.75,-0.18307764714822497
full-002,constraint_completion,contrast,T22_vs_B,45,-0.018730155555555555,-0.050793622222222216,0.008253955555555557,0.375,-0.29499746552592737
full-002,constraint_completion,contrast,T22_vs_D,45,-0.01936506666666667,-0.06317457777777777,0.019259266666666663,0.40625,-0.22979620162739747
full-002,constraint_completion,contrast,T23_vs_A,45,0.010052911111111111,-0.005925933333333333,0.02910051111111111,0.375,0.27262732543589135
full-002,constraint_completion,contrast,T23_vs_B,45,0.0009523777777777785,-0.013756622222222221,0.018306866666666668,1.0,0.029188682845745977
full-002,constraint_completion,contrast,T23_vs_D,45,0.00031746666666666466,-0.024550266666666664,0.023703711111111105,1.0,0.006500628402252494
full-002,constraint_completion,contrast,T24_vs_A,45,-0.00888891111111111,-0.025185199999999998,0.0029629333333333337,0.5,-0.30808391168462157
full-002,constraint_completion,contrast,T24_vs_B,45,-0.017989444444444443,-0.0522752,0.012486733333333333,0.375,-0.2721584624335104
full-002,constraint_completion,contrast,T24_vs_D,45,-0.018624355555555555,-0.05206353333333333,0.008888888888888887,0.28125,-0.2925060496920045
full-002,constraint_completion,contrast,T25_vs_A,45,-0.029417977777777778,-0.06074071111111111,-0.005925933333333333,0.125,-0.5205305581516276
full-002,constraint_completion,contrast,T25_vs_B,45,-0.03851851111111111,-0.07534386666666668,-0.010370377777777776,0.0625,-0.5708064968391806
full-002,constraint_completion,contrast,T25_vs_D,45,-0.03915342222222223,-0.08994702222222223,0.004444444444444444,0.25,-0.4048096105892944
full-002,constraint_completion,contrast,T26_vs_A,45,-0.016084644444444445,-0.04931213333333333,0.010370355555555554,0.4375,-0.263075289629342
full-002,constraint_completion,contrast,T26_vs_B,45,-0.025185177777777783,-0.06433857777777778,0.00592591111111111,0.25,-0.34407083694716606
full-002,constraint_completion,contrast,T26_vs_D,45,-0.025820088888888895,-0.0761904,0.014814799999999996,0.375,-0.27038537280584674
full-002,constraint_completion,contrast,B_vs_A,45,0.009100533333333334,-0.013121666666666669,0.03449733333333334,0.75,0.17912354044128906
full-002,constraint_completion,contrast,D_vs_A,45,0.009735444444444448,-0.016296288888888885,0.043174599999999994,0.625,0.1602826299440184
full-002,constraint_completion,contrast,E01_vs_D,45,-0.01735448888888889,-0.05502642222222223,0.008888888888888887,0.5,-0.2556453571932189
full-002,constraint_completion,contrast,E01_vs_T01,45,-0.013968244444444443,-0.04719575555555556,0.015661400000000002,0.5,-0.2218376173744592
full-002,constraint_completion,contrast,E01_vs_A,45,-0.007619044444444444,-0.018412688888888886,0.0,0.5,-0.3730018895096606
full-002,constraint_completion,contrast,E02_vs_D,45,0.0021163999999999983,-0.03216928888888889,0.03259257777777777,1.0,0.031830347656362966
full-002,constraint_completion,contrast,E02_vs_T07,45,0.034074066666666666,-0.0004232666666666672,0.07301584444444444,0.15625,0.4501081103590866
full-002,constraint_completion,contrast,E02_vs_A,45,0.011851844444444445,-0.008888888888888887,0.03999997777777778,0.75,0.22633881470574874
full-002,constraint_completion,contrast,E03_vs_D,45,0.0025396888888888887,-0.01650791111111111,0.020740755555555556,1.0,0.06434077200150146
full-002,constraint_completion,contrast,E03_vs_T10,45,0.04380953333333333,0.010793644444444443,0.08444453333333332,0.0625,0.5700585278767385
full-002,constraint_completion,contrast,E03_vs_A,45,0.012275133333333339,-0.0069841333333333306,0.03301588888888889,0.375,0.29897306212180746
full-002,constraint_completion,contrast,E04_vs_D,45,0.002539688888888884,-0.04232804444444445,0.04148148888888888,1.0,0.029781234941893532
full-002,constraint_completion,contrast,E04_vs_T13,45,0.019259288888888886,-0.014179844444444445,0.05523813333333332,0.3125,0.2716803280992021
full-002,constraint_completion,contrast,E04_vs_A,45,0.01227513333333333,-0.015873022222222224,0.037248666666666666,0.4375,0.225790369387866
full-002,constraint_completion,contrast,E05_vs_D,45,-0.0044444666666666665,-0.017777866666666663,0.008888888888888887,0.75,-0.1456443127627089
full-002,constraint_completion,contrast,E05_vs_T16,45,0.0008465111111111145,-0.022222222222222216,0.02539668888888889,1.0,0.017717975001256013
full-002,constraint_completion,contrast,E05_vs_A,45,0.005290977777777781,-0.017777777777777774,0.03661368888888889,0.875,0.09307219520506081
full-002,constraint_completion,contrast,E06_vs_D,45,-0.026031755555555557,-0.05904766666666668,0.0050793999999999995,0.125,-0.3982135850322581
full-002,constraint_completion,contrast,E06_vs_T19,45,0.01523808888888889,-0.04232804444444444,0.08084655555555555,0.65625,0.11701246365335007
full-002,constraint_completion,contrast,E06_vs_A,45,-0.01629631111111111,-0.05777784444444444,0.018201066666666665,0.5625,-0.20702331183864786
full-002,constraint_completion,contrast,E07_vs_D,45,-0.02359788888888889,-0.053227511111111105,0.002962955555555551,0.1875,-0.4150068875579132
full-002,constraint_completion,contrast,E07_vs_T22,45,-0.004232822222222222,-0.03756617777777778,0.02962962222222222,0.84375,-0.06190423767395066
full-002,constraint_completion,contrast,E07_vs_A,45,-0.013862444444444445,-0.03851855555555555,0.00582008888888889,0.375,-0.30646742055053644
full-002,constraint_completion,contrast,E08_vs_D,45,-0.013756622222222223,-0.04677253333333333,0.011851866666666665,0.5,-0.22123039924305085
full-002,constraint_completion,contrast,E08_vs_T25,45,0.0253968,-0.005925933333333333,0.06497348888888889,0.3125,0.3453172431334197
full-002,constraint_completion,contrast,E08_vs_A,45,-0.004021177777777776,-0.02962964444444444,0.02095235555555556,0.875,-0.07722067546899168
full-002,planted_issue_recall,condition_mean,A,15,0.8437728666666667,0.7214284666666668,0.9509157333333333,,
full-002,planted_issue_recall,condition_mean,B,15,0.8992674,0.8285714666666667,0.9652014666666667,,
full-002,planted_issue_recall,condition_mean,D,15,0.8474358666666666,0.7331501333333333,0.9428570666666668,,
full-002,planted_issue_recall,condition_mean,T01,15,0.889011,0.7875458000000001,0.9794872,,
full-002,planted_issue_recall,condition_mean,T02,15,0.8835164666666666,0.7549450000000001,0.9857142666666667,,
full-002,planted_issue_recall,condition_mean,T03,15,0.8490842666666667,0.7600733333333333,0.9395604666666667,,
full-002,planted_issue_recall,condition_mean,T04,15,0.8930403333333335,0.8435898666666668,0.9549450666666668,,
full-002,planted_issue_recall,condition_mean,T05,15,0.8620879333333336,0.7928571333333333,0.9406593999999999,,
full-002,planted_issue_recall,condition_mean,T06,15,0.9080586,0.8080586,0.9857142666666667,,
full-002,planted_issue_recall,condition_mean,T07,15,0.8358974666666669,0.7619047333333334,0.9238095333333334,,
full-002,planted_issue_recall,condition_mean,T08,15,0.9032967333333334,0.8271062666666668,0.9794872,,
full-002,planted_issue_recall,condition_mean,T09,15,0.8771062000000001,0.7875458000000002,0.9509157333333335,,
full-002,planted_issue_recall,condition_mean,T10,15,0.9302198,0.8547619333333334,0.9897436000000001,,
full-002,planted_issue_recall,condition_mean,T11,15,0.8192307333333334,0.7428570666666666,0.9120879333333334,,
full-002,planted_issue_recall,condition_mean,T12,15,0.8913919333333334,0.8285714666666667,0.9547618666666667,,
full-002,planted_issue_recall,condition_mean,T13,15,0.8597070000000002,0.7549450666666667,0.9549450666666667,,
full-002,planted_issue_recall,condition_mean,T14,15,0.8937729333333334,0.8080586666666668,0.9794872,,
full-002,planted_issue_recall,condition_mean,T15,15,0.9023809333333334,0.8214285333333333,0.9833333333333333,,
full-002,planted_issue_recall,condition_mean,T16,15,0.8802198000000001,0.8095237999999999,0.9564102666666667,,
full-002,planted_issue_recall,condition_mean,T17,15,0.8913919333333334,0.8285713333333334,0.9547618666666667,,
full-002,planted_issue_recall,condition_mean,T18,15,0.8604395333333333,0.7794871333333333,0.9428570666666668,,
full-002,planted_issue_recall,condition_mean,T19,15,0.9183150000000001,0.8428571333333335,0.9897436000000001,,
full-002,planted_issue_recall,condition_mean,T20,15,0.8628204666666668,0.7714283333333334,0.9461538666666667,,
full-002,planted_issue_recall,condition_mean,T21,15,0.9016483333333335,0.8380952666666667,0.9628205333333334,,
full-002,planted_issue_recall,condition_mean,T22,15,0.8507325333333334,0.7681317333333334,0.9404761333333334,,
full-002,planted_issue_recall,condition_mean,T23,15,0.8954212666666669,0.8527472666666669,0.9525641333333333,,
full-002,planted_issue_recall,condition_mean,T24,15,0.8523809333333332,0.7380952,0.9666666666666667,,
full-002,planted_issue_recall,condition_mean,T25,15,0.8501831333333334,0.7692307333333334,0.9380952,,
full-002,planted_issue_recall,condition_mean,T26,15,0.9148352000000001,0.8457876,0.9833333333333333,,
full-002,planted_issue_recall,condition_mean,E01,15,0.9454212666666668,0.8934066666666668,0.9904762,,
full-002,planted_issue_recall,condition_mean,E02,15,0.8811355333333333,0.754945,0.9833333333333333,,
full-002,planted_issue_recall,condition_mean,E03,15,0.9032967333333334,0.8271062666666666,0.9794872,,
full-002,planted_issue_recall,condition_mean,E04,15,0.8683149333333334,0.7611720000000002,0.9589744,,
full-002,planted_issue_recall,condition_mean,E05,15,0.9119047333333332,0.7690475333333333,1.0,,
full-002,planted_issue_recall,condition_mean,E06,15,0.8954212666666668,0.8285714666666666,0.9549450666666668,,
full-002,planted_issue_recall,condition_mean,E07,15,0.8294871333333333,0.6785712666666668,0.9509157333333335,,
full-002,planted_issue_recall,condition_mean,E08,15,0.8978022,0.7978022,0.9857142666666667,,
full-002,planted_issue_recall,contrast,T01_vs_A,15,0.04523813333333333,0.014285733333333332,0.07619053333333334,0.25,1.087936966611693
full-002,planted_issue_recall,contrast,T01_vs_B,15,-0.010256400000000002,-0.0531136,0.032600799999999985,1.0,-0.18489769201684683
full-002,planted_issue_recall,contrast,T01_vs_D,15,0.041575133333333326,-0.03333333333333333,0.10219786666666666,0.5,0.48224810629391285
full-002,planted_issue_recall,contrast,T02_vs_A,15,0.0397436,-0.030769200000000007,0.15,1.0,0.33225953551234
full-002,planted_issue_recall,contrast,T02_vs_B,15,-0.015750933333333335,-0.1062272,0.07948719999999998,1.0,-0.13141196924016632
full-002,planted_issue_recall,contrast,T02_vs_D,15,0.0360806,0.005128199999999998,0.06703299999999998,0.25,0.9168244817831814
full-002,planted_issue_recall,contrast,T03_vs_A,15,0.005311399999999996,-0.06263726666666666,0.06428573333333333,1.0,0.06309922399314755
full-002,planted_issue_recall,contrast,T03_vs_B,15,-0.05018313333333334,-0.12197793333333336,0.0,0.5,-0.6382806627459428
full-002,planted_issue_recall,contrast,T03_vs_D,15,0.0016483999999999943,-0.05384613333333334,0.057142933333333326,1.0,0.02345018492926102
full-002,planted_issue_recall,contrast,T04_vs_A,15,0.04926746666666666,-0.020512800000000005,0.13571439999999999,0.5,0.47322078670145323
full-002,planted_issue_recall,contrast,T04_vs_B,15,-0.006227066666666673,-0.061538400000000014,0.0428572,1.0,-0.10026862877537399
full-002,planted_issue_recall,contrast,T04_vs_D,15,0.045604466666666656,-0.03571426666666667,0.138828,0.5,0.4153435836069427
full-002,planted_issue_recall,contrast,T05_vs_A,15,0.018315066666666664,-0.0531136,0.11831519999999998,1.0,0.16067520286528136
full-002,planted_issue_recall,contrast,T05_vs_B,15,-0.037179466666666675,-0.08864466666666668,0.026190533333333328,0.375,-0.5161281132690445
full-002,planted_issue_recall,contrast,T05_vs_D,15,0.01465206666666666,-0.09487179999999999,0.12857159999999998,0.75,0.10825182414899116
full-002,planted_issue_recall,contrast,T06_vs_A,15,0.06428573333333333,0.0,0.16428573333333335,0.5,0.5934425932903382
full-002,planted_issue_recall,contrast,T06_vs_B,15,0.008791199999999999,-0.0531136,0.08974359999999999,1.0,0.09381684206069635
full-002,planted_issue_recall,contrast,T06_vs_D,15,0.06062273333333334,0.029670333333333333,0.07857146666666666,0.125,1.7704082664827283
full-002,planted_issue_recall,contrast,T07_vs_A,15,-0.007875400000000003,-0.12216113333333334,0.09212466666666666,1.0,-0.05728861329010797
full-002,planted_issue_recall,contrast,T07_vs_B,15,-0.06336993333333334,-0.1490842,0.0,0.5,-0.6646720360066194
full-002,planted_issue_recall,contrast,T07_vs_D,15,-0.011538400000000008,-0.09047613333333333,0.0741759333333333,1.0,-0.10560322997972571
full-002,planted_issue_recall,contrast,T08_vs_A,15,0.05952386666666666,0.014285733333333332,0.10714293333333332,0.25,0.9805804856090343
full-002,planted_issue_recall,contrast,T08_vs_B,15,0.004029333333333329,-0.030769200000000007,0.0428572,1.0,0.0921323246931128
full-002,planted_issue_recall,contrast,T08_vs_D,15,0.05586086666666666,-0.021428533333333336,0.12967046666666665,0.375,0.5725492978169512
full-002,planted_issue_recall,contrast,T09_vs_A,15,0.03333333333333333,-0.028571466666666663,0.10952386666666666,0.75,0.3702199644064427
full-002,planted_issue_recall,contrast,T09_vs_B,15,-0.0221612,-0.06739933333333332,0.03571426666666667,0.625,-0.33675510418845017
full-002,planted_issue_recall,contrast,T09_vs_D,15,0.029670333333333333,0.0,0.06043953333333334,0.5,0.7294634087345215
full-002,planted_issue_recall,contrast,T10_vs_A,15,0.08644693333333334,0.03479853333333334,0.13882786666666663,0.125,1.269340077627696
full-002,planted_issue_recall,contrast,T10_vs_B,15,0.030952399999999998,0.0,0.06428573333333333,0.5,0.7267221538296221
full-002,planted_issue_recall,contrast,T10_vs_D,15,0.08278393333333334,0.025641000000000004,0.13992686666666665,0.25,1.0920294352854212
full-002,planted_issue_recall,contrast,T11_vs_A,15,-0.02454213333333333,-0.0857144,0.032600800000000006,0.75,-0.30964119141087926
full-002,planted_issue_recall,contrast,T11_vs_B,15,-0.08003666666666669,-0.11904773333333332,-0.03479853333333334,0.125,-1.530086748756026
full-002,planted_issue_recall,contrast,T11_vs_D,15,-0.028205133333333337,-0.1091575333333333,0.03882786666666666,0.75,-0.3029934391625929
full-002,planted_issue_recall,contrast,T12_vs_A,15,0.04761906666666667,-0.028571466666666663,0.12857146666666666,0.5,0.4649904142213519
full-002,planted_issue_recall,contrast,T12_vs_B,15,-0.007875466666666667,-0.0531136,0.03974359999999999,1.0,-0.13141196924016632
full-002,planted_issue_recall,contrast,T12_vs_D,15,0.04395606666666666,0.0,0.10109899999999998,0.5,0.6810049102587589
full-002,planted_issue_recall,contrast,T13_vs_A,15,0.01593413333333333,-0.0602564,0.11831519999999998,1.0,0.1368565195751702
full-002,planted_issue_recall,contrast,T13_vs_B,15,-0.03956040000000001,-0.11538453333333336,0.028571466666666663,0.5,-0.41949214280037445
full-002,planted_issue_recall,contrast,T13_vs_D,15,0.012271133333333325,-0.13058606666666667,0.13369979999999998,0.875,0.07287189819213004
full-002,planted_issue_recall,contrast,T14_vs_A,15,0.05000006666666666,-0.05714280000000001,0.17857146666666665,0.5,0.33183230268206604
full-002,planted_issue_recall,contrast,T14_vs_B,15,-0.0054944666666666715,-0.0857142,0.0897436,1.0,-0.048820517788695714
full-002,planted_issue_recall,contrast,T14_vs_D,15,0.04633706666666666,-0.02619033333333335,0.10586086666666665,0.25,0.5574672832870764
full-002,planted_issue_recall,contrast,T15_vs_A,15,0.05860806666666667,-0.04285713333333334,0.1443224,0.375,0.4966464791326336
full-002,planted_issue_recall,contrast,T15_vs_B,15,0.0031135333333333366,-0.06117219999999999,0.0602564,1.0,0.04045071111019761
full-002,planted_issue_recall,contrast,T15_vs_D,15,0.05494506666666667,-0.0190476,0.13406580000000004,0.5,0.5508532150434977
full-002,planted_issue_recall,contrast,T16_vs_A,15,0.036446933333333334,-0.02619033333333335,0.0912088,0.375,0.48915727399271086
full-002,planted_issue_recall,contrast,T16_vs_B,15,-0.0190476,-0.04761893333333334,0.0,0.5,-0.6135732543150916
full-002,planted_issue_recall,contrast,T16_vs_D,15,0.03278393333333333,-0.033333266666666674,0.09890113333333334,0.375,0.36551247495985145
full-002,planted_issue_recall,contrast,T17_vs_A,15,0.04761906666666667,-0.028571466666666663,0.12857146666666666,0.5,0.4649904142213519
full-002,planted_issue_recall,contrast,T17_vs_B,15,-0.007875466666666667,-0.0531136,0.03974359999999999,1.0,-0.13141196924016632
full-002,planted_issue_recall,contrast,T17_vs_D,15,0.04395606666666666,0.0,0.10109899999999998,0.5,0.6810049102587589
full-002,planted_issue_recall,contrast,T18_vs_A,15,0.01666666666666667,-0.028571466666666663,0.06428573333333333,0.75,0.2655249054036206
full-002,planted_issue_recall,contrast,T18_vs_B,15,-0.03882786666666667,-0.06739933333333332,-0.010256400000000002,0.25,-1.0670927082589183
full-002,planted_issue_recall,contrast,T18_vs_D,15,0.013003666666666665,-0.03571426666666667,0.06043953333333333,1.0,0.1987774686434376
full-002,planted_issue_recall,contrast,T19_vs_A,15,0.07454213333333334,-0.018315066666666657,0.17857146666666668,0.375,0.5946389787402512
full-002,planted_issue_recall,contrast,T19_vs_B,15,0.0190476,-0.0428572,0.1,1.0,0.21613701469559918
full-002,planted_issue_recall,contrast,T19_vs_D,15,0.07087913333333334,0.016666666666666666,0.1250916,0.25,1.0374736872564656
full-002,planted_issue_recall,contrast,T20_vs_A,15,0.019047600000000005,-0.07142866666666665,0.10952386666666666,0.75,0.16790990728301006
full-002,planted_issue_recall,contrast,T20_vs_B,15,-0.036446933333333334,-0.10000013333333331,0.02948719999999999,0.5,-0.4322209787512698
full-002,planted_issue_recall,contrast,T20_vs_D,15,0.0153846,-0.028571466666666663,0.06043953333333333,0.75,0.2517517448738403
full-002,planted_issue_recall,contrast,T21_vs_A,15,0.05787546666666667,-0.018315066666666657,0.13406599999999996,0.375,0.5848540008886229
full-002,planted_issue_recall,contrast,T21_vs_B,15,0.002380933333333335,-0.0428572,0.05,1.0,0.04343685137204684
full-002,planted_issue_recall,contrast,T21_vs_D,15,0.05421246666666667,0.0,0.1113554,0.5,0.7285249598913187
full-002,planted_issue_recall,contrast,T22_vs_A,15,0.006959666666666668,-0.12893786666666665,0.1428572,0.875,0.04079114947392027
full-002,planted_issue_recall,contrast,T22_vs_B,15,-0.048534866666666655,-0.15036639999999996,0.05238093333333334,0.5,-0.36404877402053937
full-002,planted_issue_recall,contrast,T22_vs_D,15,0.003296666666666674,-0.0758243333333333,0.10000006666666668,1.0,0.02895592167997495
full-002,planted_issue_recall,contrast,T23_vs_A,15,0.0516484,-0.04908426666666667,0.15238106666666665,0.5,0.39586216068962615
full-002,planted_issue_recall,contrast,T23_vs_B,15,-0.0038461333333333386,-0.06959706666666668,0.061904799999999996,1.0,-0.0463070683675357
full-002,planted_issue_recall,contrast,T23_vs_D,15,0.04798539999999999,0.0,0.13369979999999998,0.5,0.5125247491010083
full-002,planted_issue_recall,contrast,T24_vs_A,15,0.008608066666666673,-0.06904753333333334,0.07820506666666668,1.0,0.08890201513052715
full-002,planted_issue_recall,contrast,T24_vs_B,15,-0.04688646666666666,-0.11428573333333332,0.020512800000000005,0.5,-0.5205233003874119
full-002,planted_issue_recall,contrast,T24_vs_D,15,0.004945066666666668,-0.06428566666666666,0.09340653333333335,1.0,0.04707465364387969
full-002,planted_issue_recall,contrast,T25_vs_A,15,0.006410266666666668,-0.04908426666666667,0.0619048,0.875,0.09163852040455148
full-002,planted_issue_recall,contrast,T25_vs_B,15,-0.04908426666666667,-0.08388280000000001,-0.014285733333333332,0.25,-1.0538616009912962
full-002,planted_issue_recall,contrast,T25_vs_D,15,0.002747266666666663,-0.044871799999999996,0.0428572,1.0,0.04882106602720702
full-002,planted_issue_recall,contrast,T26_vs_A,15,0.07106233333333334,0.004029333333333337,0.13809533333333332,0.25,0.8389904192427402
full-002,planted_issue_recall,contrast,T26_vs_B,15,0.015567799999999998,-0.031868066666666674,0.061904799999999996,0.75,0.24056124317610245
full-002,planted_issue_recall,contrast,T26_vs_D,15,0.06739933333333334,0.010256400000000002,0.12454226666666664,0.25,0.9361711952576205
full-002,planted_issue_recall,contrast,B_vs_A,15,0.05549453333333333,0.010256400000000002,0.10238106666666666,0.25,0.91904665976786
full-002,planted_issue_recall,contrast,D_vs_A,15,0.0036630000000000013,-0.06043953333333333,0.08571426666666668,1.0,0.037225776861230735
full-002,planted_issue_recall,contrast,E01_vs_D,15,0.09798539999999999,0.021794866666666662,0.2051283333333333,0.125,0.7967123901700861
full-002,planted_issue_recall,contrast,E01_vs_T01,15,0.05641026666666667,-0.04908426666666667,0.16593413333333332,0.5,0.4084686111012402
full-002,planted_issue_recall,contrast,E01_vs_A,15,0.10164839999999999,-0.020512800000000005,0.23571439999999994,0.5,0.6149986762916326
full-002,planted_issue_recall,contrast,E02_vs_D,15,0.03369966666666666,0.0,0.09084259999999997,0.5,0.5433426706262926
full-002,planted_issue_recall,contrast,E02_vs_T07,15,0.04523806666666667,-0.06904773333333332,0.1714286,0.75,0.28791151782765845
full-002,planted_issue_recall,contrast,E02_vs_A,15,0.03736266666666666,-0.020512800000000005,0.10952386666666665,0.5,0.44240319858581384
full-002,planted_issue_recall,contrast,E03_vs_D,15,0.05586086666666666,-0.021428533333333336,0.12967046666666665,0.375,0.5725492978169512
full-002,planted_issue_recall,contrast,E03_vs_T10,15,-0.02692306666666667,-0.0602564,0.0,0.5,-0.6980635007059224
full-002,planted_issue_recall,contrast,E03_vs_A,15,0.05952386666666666,0.014285733333333332,0.10476199999999998,0.25,0.9805804856090343
full-002,planted_issue_recall,contrast,E04_vs_D,15,0.02087906666666667,-0.03333339999999999,0.076923,0.75,0.28395418467028627
full-002,planted_issue_recall,contrast,E04_vs_T13,15,0.008607933333333347,-0.12380973333333331,0.14194133333333336,1.0,0.049525916453994394
full-002,planted_issue_recall,contrast,E04_vs_A,15,0.024542066666666678,-0.06593419999999997,0.10952379999999999,0.625,0.21935338408531624
full-002,planted_issue_recall,contrast,E05_vs_D,15,0.06446886666666667,0.0,0.1362636666666667,0.5,0.7225627792476716
full-002,planted_issue_recall,contrast,E05_vs_T16,15,0.03168493333333334,-0.04761906666666667,0.10238086666666665,0.5,0.3203315146987249
full-002,planted_issue_recall,contrast,E05_vs_A,15,0.06813186666666667,0.014285733333333337,0.12820506666666667,0.25,0.958998745971052
full-002,planted_issue_recall,contrast,E06_vs_D,15,0.04798539999999999,0.005128199999999998,0.10000013333333331,0.25,0.7927752026251341
full-002,planted_issue_recall,contrast,E06_vs_T19,15,-0.02289373333333334,-0.07820506666666668,0.028571466666666663,0.5,-0.3242102851060926
full-002,planted_issue_recall,contrast,E06_vs_A,15,0.0516484,-0.020512800000000005,0.12857146666666666,0.5,0.5335785445333423
full-002,planted_issue_recall,contrast,E07_vs_D,15,-0.017948733333333335,-0.1,0.05934066666666667,0.875,-0.174563703533397
full-002,planted_issue_recall,contrast,E07_vs_T22,15,-0.0212454,-0.17142866666666667,0.12161186666666665,0.875,-0.11092309883829589
full-002,planted_issue_recall,contrast,E07_vs_A,15,-0.014285733333333332,-0.0428572,0.0,1.0,-0.44721359549995787
full-002,planted_issue_recall,contrast,E08_vs_D,15,0.050366333333333325,0.02051279999999999,0.07619053333333332,0.125,1.407482686630554
full-002,planted_issue_recall,contrast,E08_vs_T25,15,0.04761906666666667,0.0,0.11428573333333332,0.5,0.6488858757734418
full-002,planted_issue_recall,contrast,E08_vs_A,15,0.05402933333333333,-0.020512800000000005,0.15402933333333332,0.5,0.45812231420411087
full-002,distractor_avoidance,condition_mean,A,21,1.0,1.0,1.0,,
full-002,distractor_avoidance,condition_mean,B,21,1.0,1.0,1.0,,
full-002,distractor_avoidance,condition_mean,D,21,1.0,1.0,1.0,,
full-002,distractor_avoidance,condition_mean,T01,21,1.0,1.0,1.0,,
full-002,distractor_avoidance,condition_mean,T02,21,0.9523809523809523,0.8571428571428571,1.0,,
full-002,distractor_avoidance,condition_mean,T03,21,1.0,1.0,1.0,,
full-002,distractor_avoidance,condition_mean,T04,21,1.0,1.0,1.0,,
full-002,distractor_avoidance,condition_mean,T05,21,0.9523809523809523,0.8571428571428571,1.0,,
full-002,distractor_avoidance,condition_mean,T06,21,1.0,1.0,1.0,,
full-002,distractor_avoidance,condition_mean,T07,21,0.9523809523809523,0.8571428571428571,1.0,,
full-002,distractor_avoidance,condition_mean,T08,21,0.9523809523809523,0.8571428571428571,1.0,,
full-002,distractor_avoidance,condition_mean,T09,21,1.0,1.0,1.0,,
full-002,distractor_avoidance,condition_mean,T10,21,1.0,1.0,1.0,,
full-002,distractor_avoidance,condition_mean,T11,21,0.9047619047619048,0.7142857142857143,1.0,,
full-002,distractor_avoidance,condition_mean,T12,21,1.0,1.0,1.0,,
full-002,distractor_avoidance,condition_mean,T13,21,0.9523809523809523,0.8571428571428571,1.0,,
full-002,distractor_avoidance,condition_mean,T14,21,0.9523809523809523,0.8571428571428571,1.0,,
full-002,distractor_avoidance,condition_mean,T15,21,1.0,1.0,1.0,,
full-002,distractor_avoidance,condition_mean,T16,21,1.0,1.0,1.0,,
full-002,distractor_avoidance,condition_mean,T17,21,1.0,1.0,1.0,,
full-002,distractor_avoidance,condition_mean,T18,21,0.9523809523809523,0.8571428571428571,1.0,,
full-002,distractor_avoidance,condition_mean,T19,21,0.9523809523809523,0.8571428571428571,1.0,,
full-002,distractor_avoidance,condition_mean,T20,21,0.9523809523809523,0.8571428571428571,1.0,,
full-002,distractor_avoidance,condition_mean,T21,21,1.0,1.0,1.0,,
full-002,distractor_avoidance,condition_mean,T22,21,1.0,1.0,1.0,,
full-002,distractor_avoidance,condition_mean,T23,21,1.0,1.0,1.0,,
full-002,distractor_avoidance,condition_mean,T24,21,1.0,1.0,1.0,,
full-002,distractor_avoidance,condition_mean,T25,21,1.0,1.0,1.0,,
full-002,distractor_avoidance,condition_mean,T26,21,1.0,1.0,1.0,,
full-002,distractor_avoidance,condition_mean,E01,21,1.0,1.0,1.0,,
full-002,distractor_avoidance,condition_mean,E02,21,1.0,1.0,1.0,,
full-002,distractor_avoidance,condition_mean,E03,21,1.0,1.0,1.0,,
full-002,distractor_avoidance,condition_mean,E04,21,1.0,1.0,1.0,,
full-002,distractor_avoidance,condition_mean,E05,21,1.0,1.0,1.0,,
full-002,distractor_avoidance,condition_mean,E06,21,0.9523809523809523,0.8571428571428571,1.0,,
full-002,distractor_avoidance,condition_mean,E07,21,1.0,1.0,1.0,,
full-002,distractor_avoidance,condition_mean,E08,21,0.9523809523809523,0.8571428571428571,1.0,,
full-002,distractor_avoidance,contrast,T01_vs_A,21,0.0,0.0,0.0,1.0,
full-002,distractor_avoidance,contrast,T01_vs_B,21,0.0,0.0,0.0,1.0,
full-002,distractor_avoidance,contrast,T01_vs_D,21,0.0,0.0,0.0,1.0,
full-002,distractor_avoidance,contrast,T02_vs_A,21,-0.047619047619047616,-0.14285714285714285,0.0,1.0,-0.37796447300922725
full-002,distractor_avoidance,contrast,T02_vs_B,21,-0.047619047619047616,-0.14285714285714285,0.0,1.0,-0.37796447300922725
full-002,distractor_avoidance,contrast,T02_vs_D,21,-0.047619047619047616,-0.14285714285714285,0.0,1.0,-0.37796447300922725
full-002,distractor_avoidance,contrast,T03_vs_A,21,0.0,0.0,0.0,1.0,
full-002,distractor_avoidance,contrast,T03_vs_B,21,0.0,0.0,0.0,1.0,
full-002,distractor_avoidance,contrast,T03_vs_D,21,0.0,0.0,0.0,1.0,
full-002,distractor_avoidance,contrast,T04_vs_A,21,0.0,0.0,0.0,1.0,
full-002,distractor_avoidance,contrast,T04_vs_B,21,0.0,0.0,0.0,1.0,
full-002,distractor_avoidance,contrast,T04_vs_D,21,0.0,0.0,0.0,1.0,
full-002,distractor_avoidance,contrast,T05_vs_A,21,-0.047619047619047616,-0.14285714285714285,0.0,1.0,-0.37796447300922725
full-002,distractor_avoidance,contrast,T05_vs_B,21,-0.047619047619047616,-0.14285714285714285,0.0,1.0,-0.37796447300922725
full-002,distractor_avoidance,contrast,T05_vs_D,21,-0.047619047619047616,-0.14285714285714285,0.0,1.0,-0.37796447300922725
full-002,distractor_avoidance,contrast,T06_vs_A,21,0.0,0.0,0.0,1.0,
full-002,distractor_avoidance,contrast,T06_vs_B,21,0.0,0.0,0.0,1.0,
full-002,distractor_avoidance,contrast,T06_vs_D,21,0.0,0.0,0.0,1.0,
full-002,distractor_avoidance,contrast,T07_vs_A,21,-0.047619047619047616,-0.14285714285714285,0.0,1.0,-0.37796447300922725
full-002,distractor_avoidance,contrast,T07_vs_B,21,-0.047619047619047616,-0.14285714285714285,0.0,1.0,-0.37796447300922725
full-002,distractor_avoidance,contrast,T07_vs_D,21,-0.047619047619047616,-0.14285714285714285,0.0,1.0,-0.37796447300922725
full-002,distractor_avoidance,contrast,T08_vs_A,21,-0.047619047619047616,-0.14285714285714285,0.0,1.0,-0.37796447300922725
full-002,distractor_avoidance,contrast,T08_vs_B,21,-0.047619047619047616,-0.14285714285714285,0.0,1.0,-0.37796447300922725
full-002,distractor_avoidance,contrast,T08_vs_D,21,-0.047619047619047616,-0.14285714285714285,0.0,1.0,-0.37796447300922725
full-002,distractor_avoidance,contrast,T09_vs_A,21,0.0,0.0,0.0,1.0,
full-002,distractor_avoidance,contrast,T09_vs_B,21,0.0,0.0,0.0,1.0,
full-002,distractor_avoidance,contrast,T09_vs_D,21,0.0,0.0,0.0,1.0,
full-002,distractor_avoidance,contrast,T10_vs_A,21,0.0,0.0,0.0,1.0,
full-002,distractor_avoidance,contrast,T10_vs_B,21,0.0,0.0,0.0,1.0,
full-002,distractor_avoidance,contrast,T10_vs_D,21,0.0,0.0,0.0,1.0,
full-002,distractor_avoidance,contrast,T11_vs_A,21,-0.09523809523809523,-0.2857142857142857,0.0,1.0,-0.37796447300922725
full-002,distractor_avoidance,contrast,T11_vs_B,21,-0.09523809523809523,-0.2857142857142857,0.0,1.0,-0.37796447300922725
full-002,distractor_avoidance,contrast,T11_vs_D,21,-0.09523809523809523,-0.2857142857142857,0.0,1.0,-0.37796447300922725
full-002,distractor_avoidance,contrast,T12_vs_A,21,0.0,0.0,0.0,1.0,
full-002,distractor_avoidance,contrast,T12_vs_B,21,0.0,0.0,0.0,1.0,
full-002,distractor_avoidance,contrast,T12_vs_D,21,0.0,0.0,0.0,1.0,
full-002,distractor_avoidance,contrast,T13_vs_A,21,-0.047619047619047616,-0.14285714285714285,0.0,1.0,-0.37796447300922725
full-002,distractor_avoidance,contrast,T13_vs_B,21,-0.047619047619047616,-0.14285714285714285,0.0,1.0,-0.37796447300922725
full-002,distractor_avoidance,contrast,T13_vs_D,21,-0.047619047619047616,-0.14285714285714285,0.0,1.0,-0.37796447300922725
full-002,distractor_avoidance,contrast,T14_vs_A,21,-0.047619047619047616,-0.14285714285714285,0.0,1.0,-0.37796447300922725
full-002,distractor_avoidance,contrast,T14_vs_B,21,-0.047619047619047616,-0.14285714285714285,0.0,1.0,-0.37796447300922725
full-002,distractor_avoidance,contrast,T14_vs_D,21,-0.047619047619047616,-0.14285714285714285,0.0,1.0,-0.37796447300922725
full-002,distractor_avoidance,contrast,T15_vs_A,21,0.0,0.0,0.0,1.0,
full-002,distractor_avoidance,contrast,T15_vs_B,21,0.0,0.0,0.0,1.0,
full-002,distractor_avoidance,contrast,T15_vs_D,21,0.0,0.0,0.0,1.0,
full-002,distractor_avoidance,contrast,T16_vs_A,21,0.0,0.0,0.0,1.0,
full-002,distractor_avoidance,contrast,T16_vs_B,21,0.0,0.0,0.0,1.0,
full-002,distractor_avoidance,contrast,T16_vs_D,21,0.0,0.0,0.0,1.0,
full-002,distractor_avoidance,contrast,T17_vs_A,21,0.0,0.0,0.0,1.0,
full-002,distractor_avoidance,contrast,T17_vs_B,21,0.0,0.0,0.0,1.0,
full-002,distractor_avoidance,contrast,T17_vs_D,21,0.0,0.0,0.0,1.0,
full-002,distractor_avoidance,contrast,T18_vs_A,21,-0.047619047619047616,-0.14285714285714285,0.0,1.0,-0.37796447300922725
full-002,distractor_avoidance,contrast,T18_vs_B,21,-0.047619047619047616,-0.14285714285714285,0.0,1.0,-0.37796447300922725
full-002,distractor_avoidance,contrast,T18_vs_D,21,-0.047619047619047616,-0.14285714285714285,0.0,1.0,-0.37796447300922725
full-002,distractor_avoidance,contrast,T19_vs_A,21,-0.047619047619047616,-0.14285714285714285,0.0,1.0,-0.37796447300922725
full-002,distractor_avoidance,contrast,T19_vs_B,21,-0.047619047619047616,-0.14285714285714285,0.0,1.0,-0.37796447300922725
full-002,distractor_avoidance,contrast,T19_vs_D,21,-0.047619047619047616,-0.14285714285714285,0.0,1.0,-0.37796447300922725
full-002,distractor_avoidance,contrast,T20_vs_A,21,-0.047619047619047616,-0.14285714285714285,0.0,1.0,-0.37796447300922725
full-002,distractor_avoidance,contrast,T20_vs_B,21,-0.047619047619047616,-0.14285714285714285,0.0,1.0,-0.37796447300922725
full-002,distractor_avoidance,contrast,T20_vs_D,21,-0.047619047619047616,-0.14285714285714285,0.0,1.0,-0.37796447300922725
full-002,distractor_avoidance,contrast,T21_vs_A,21,0.0,0.0,0.0,1.0,
full-002,distractor_avoidance,contrast,T21_vs_B,21,0.0,0.0,0.0,1.0,
full-002,distractor_avoidance,contrast,T21_vs_D,21,0.0,0.0,0.0,1.0,
full-002,distractor_avoidance,contrast,T22_vs_A,21,0.0,0.0,0.0,1.0,
full-002,distractor_avoidance,contrast,T22_vs_B,21,0.0,0.0,0.0,1.0,
full-002,distractor_avoidance,contrast,T22_vs_D,21,0.0,0.0,0.0,1.0,
full-002,distractor_avoidance,contrast,T23_vs_A,21,0.0,0.0,0.0,1.0,
full-002,distractor_avoidance,contrast,T23_vs_B,21,0.0,0.0,0.0,1.0,
full-002,distractor_avoidance,contrast,T23_vs_D,21,0.0,0.0,0.0,1.0,
full-002,distractor_avoidance,contrast,T24_vs_A,21,0.0,0.0,0.0,1.0,
full-002,distractor_avoidance,contrast,T24_vs_B,21,0.0,0.0,0.0,1.0,
full-002,distractor_avoidance,contrast,T24_vs_D,21,0.0,0.0,0.0,1.0,
full-002,distractor_avoidance,contrast,T25_vs_A,21,0.0,0.0,0.0,1.0,
full-002,distractor_avoidance,contrast,T25_vs_B,21,0.0,0.0,0.0,1.0,
full-002,distractor_avoidance,contrast,T25_vs_D,21,0.0,0.0,0.0,1.0,
full-002,distractor_avoidance,contrast,T26_vs_A,21,0.0,0.0,0.0,1.0,
full-002,distractor_avoidance,contrast,T26_vs_B,21,0.0,0.0,0.0,1.0,
full-002,distractor_avoidance,contrast,T26_vs_D,21,0.0,0.0,0.0,1.0,
full-002,distractor_avoidance,contrast,B_vs_A,21,0.0,0.0,0.0,1.0,
full-002,distractor_avoidance,contrast,D_vs_A,21,0.0,0.0,0.0,1.0,
full-002,distractor_avoidance,contrast,E01_vs_D,21,0.0,0.0,0.0,1.0,
full-002,distractor_avoidance,contrast,E01_vs_T01,21,0.0,0.0,0.0,1.0,
full-002,distractor_avoidance,contrast,E01_vs_A,21,0.0,0.0,0.0,1.0,
full-002,distractor_avoidance,contrast,E02_vs_D,21,0.0,0.0,0.0,1.0,
full-002,distractor_avoidance,contrast,E02_vs_T07,21,0.047619047619047616,0.0,0.14285714285714285,1.0,0.37796447300922725
full-002,distractor_avoidance,contrast,E02_vs_A,21,0.0,0.0,0.0,1.0,
full-002,distractor_avoidance,contrast,E03_vs_D,21,0.0,0.0,0.0,1.0,
full-002,distractor_avoidance,contrast,E03_vs_T10,21,0.0,0.0,0.0,1.0,
full-002,distractor_avoidance,contrast,E03_vs_A,21,0.0,0.0,0.0,1.0,
full-002,distractor_avoidance,contrast,E04_vs_D,21,0.0,0.0,0.0,1.0,
full-002,distractor_avoidance,contrast,E04_vs_T13,21,0.047619047619047616,0.0,0.14285714285714285,1.0,0.37796447300922725
full-002,distractor_avoidance,contrast,E04_vs_A,21,0.0,0.0,0.0,1.0,
full-002,distractor_avoidance,contrast,E05_vs_D,21,0.0,0.0,0.0,1.0,
full-002,distractor_avoidance,contrast,E05_vs_T16,21,0.0,0.0,0.0,1.0,
full-002,distractor_avoidance,contrast,E05_vs_A,21,0.0,0.0,0.0,1.0,
full-002,distractor_avoidance,contrast,E06_vs_D,21,-0.047619047619047616,-0.14285714285714285,0.0,1.0,-0.37796447300922725
full-002,distractor_avoidance,contrast,E06_vs_T19,21,0.0,0.0,0.0,1.0,
full-002,distractor_avoidance,contrast,E06_vs_A,21,-0.047619047619047616,-0.14285714285714285,0.0,1.0,-0.37796447300922725
full-002,distractor_avoidance,contrast,E07_vs_D,21,0.0,0.0,0.0,1.0,
full-002,distractor_avoidance,contrast,E07_vs_T22,21,0.0,0.0,0.0,1.0,
full-002,distractor_avoidance,contrast,E07_vs_A,21,0.0,0.0,0.0,1.0,
full-002,distractor_avoidance,contrast,E08_vs_D,21,-0.047619047619047616,-0.14285714285714285,0.0,1.0,-0.37796447300922725
full-002,distractor_avoidance,contrast,E08_vs_T25,21,-0.047619047619047616,-0.14285714285714285,0.0,1.0,-0.37796447300922725
full-002,distractor_avoidance,contrast,E08_vs_A,21,-0.047619047619047616,-0.14285714285714285,0.0,1.0,-0.37796447300922725
full-002,pairwise_preference,contrast,T01_vs_A,34,0.4411764705882353,0.28883482243151226,0.6054610074739151,0.6075913612730801,
full-002,pairwise_preference,contrast,T01_vs_B,0,,,,,
full-002,pairwise_preference,contrast,T01_vs_D,0,,,,,
full-002,pairwise_preference,contrast,T02_vs_A,37,0.5135135135135135,0.3589489666230554,0.6655359570018853,1.0,
full-002,pairwise_preference,contrast,T02_vs_B,0,,,,,
full-002,pairwise_preference,contrast,T02_vs_D,0,,,,,
full-002,pairwise_preference,contrast,T03_vs_A,37,0.5405405405405406,0.38384046888765,0.6896143019871721,0.7428293587290682,
full-002,pairwise_preference,contrast,T03_vs_B,0,,,,,
full-002,pairwise_preference,contrast,T03_vs_D,0,,,,,
full-002,pairwise_preference,contrast,T04_vs_A,34,0.38235294117647056,0.23900183321718818,0.5495898265936664,0.22948101302608848,
full-002,pairwise_preference,contrast,T04_vs_B,0,,,,,
full-002,pairwise_preference,contrast,T04_vs_D,0,,,,,
full-002,pairwise_preference,contrast,T05_vs_A,41,0.5365853658536586,0.3874647126440115,0.6794376602666329,0.755228657504631,
full-002,pairwise_preference,contrast,T05_vs_B,0,,,,,
full-002,pairwise_preference,contrast,T05_vs_D,0,,,,,
full-002,pairwise_preference,contrast,T06_vs_A,41,0.5121951219512195,0.3648450864835959,0.6574557044866189,1.0,
full-002,pairwise_preference,contrast,T06_vs_B,0,,,,,
full-002,pairwise_preference,contrast,T06_vs_D,0,,,,,
full-002,pairwise_preference,contrast,T07_vs_A,36,0.5277777777777778,0.370059380195855,0.6801395848799587,0.8679394004284404,
full-002,pairwise_preference,contrast,T07_vs_B,0,,,,,
full-002,pairwise_preference,contrast,T07_vs_D,0,,,,,
full-002,pairwise_preference,contrast,T08_vs_A,47,0.3191489361702128,0.2039537874740341,0.46167343106522646,0.01862383661500644,
full-002,pairwise_preference,contrast,T08_vs_B,0,,,,,
full-002,pairwise_preference,contrast,T08_vs_D,0,,,,,
full-002,pairwise_preference,contrast,T09_vs_A,50,0.38,0.2586278930772285,0.518495530722241,0.11892045255943628,
full-002,pairwise_preference,contrast,T09_vs_B,0,,,,,
full-002,pairwise_preference,contrast,T09_vs_D,0,,,,,
full-002,pairwise_preference,contrast,T10_vs_A,40,0.375,0.24222979164607186,0.5296756086626301,0.1538599441628321,
full-002,pairwise_preference,contrast,T10_vs_B,0,,,,,
full-002,pairwise_preference,contrast,T10_vs_D,0,,,,,
full-002,pairwise_preference,contrast,T11_vs_A,39,0.41025641025641024,0.27079309997908363,0.5658137712060747,0.3367836351899314,
full-002,pairwise_preference,contrast,T11_vs_B,0,,,,,
full-002,pairwise_preference,contrast,T11_vs_D,0,,,,,
full-002,pairwise_preference,contrast,T12_vs_A,43,0.4186046511627907,0.2838455092508315,0.5667142261637703,0.3603776529357674,
full-002,pairwise_preference,contrast,T12_vs_B,0,,,,,
full-002,pairwise_preference,contrast,T12_vs_D,0,,,,,
full-002,pairwise_preference,contrast,T13_vs_A,39,0.46153846153846156,0.31566885603683636,0.6143055173282316,0.7492586247608415,
full-002,pairwise_preference,contrast,T13_vs_B,0,,,,,
full-002,pairwise_preference,contrast,T13_vs_D,0,,,,,
full-002,pairwise_preference,contrast,T14_vs_A,45,0.7333333333333333,0.5896116224330272,0.8403509648090863,0.0024589003220967243,
full-002,pairwise_preference,contrast,T14_vs_B,0,,,,,
full-002,pairwise_preference,contrast,T14_vs_D,0,,,,,
full-002,pairwise_preference,contrast,T15_vs_A,43,0.7209302325581395,0.5730897131449144,0.8325338621583094,0.005401572654591291,
full-002,pairwise_preference,contrast,T15_vs_B,0,,,,,
full-002,pairwise_preference,contrast,T15_vs_D,0,,,,,
full-002,pairwise_preference,contrast,T16_vs_A,39,0.4358974358974359,0.29304753872755995,0.5902430835475532,0.5223973804968409,
full-002,pairwise_preference,contrast,T16_vs_B,0,,,,,
full-002,pairwise_preference,contrast,T16_vs_D,0,,,,,
full-002,pairwise_preference,contrast,T17_vs_A,39,0.4358974358974359,0.29304753872755995,0.5902430835475532,0.5223973804968409,
full-002,pairwise_preference,contrast,T17_vs_B,0,,,,,
full-002,pairwise_preference,contrast,T17_vs_D,0,,,,,
full-002,pairwise_preference,contrast,T18_vs_A,39,0.4358974358974359,0.29304753872755995,0.5902430835475532,0.5223973804968409,
full-002,pairwise_preference,contrast,T18_vs_B,0,,,,,
full-002,pairwise_preference,contrast,T18_vs_D,0,,,,,
full-002,pairwise_preference,contrast,T19_vs_A,41,0.5853658536585366,0.43367103130610396,0.7224345054853992,0.34888887944907765,
full-002,pairwise_preference,contrast,T19_vs_B,0,,,,,
full-002,pairwise_preference,contrast,T19_vs_D,0,,,,,
full-002,pairwise_preference,contrast,T20_vs_A,38,0.5526315789473685,0.3970629711857062,0.6985359900495866,0.6271025701571489,
full-002,pairwise_preference,contrast,T20_vs_B,0,,,,,
full-002,pairwise_preference,contrast,T20_vs_D,0,,,,,
full-002,pairwise_preference,contrast,T21_vs_A,35,0.4,0.25550728856520866,0.5642729099080376,0.31050465907901525,
full-002,pairwise_preference,contrast,T21_vs_B,0,,,,,
full-002,pairwise_preference,contrast,T21_vs_D,0,,,,,
full-002,pairwise_preference,contrast,T22_vs_A,41,0.5365853658536586,0.3874647126440115,0.6794376602666329,0.755228657504631,
full-002,pairwise_preference,contrast,T22_vs_B,0,,,,,
full-002,pairwise_preference,contrast,T22_vs_D,0,,,,,
full-002,pairwise_preference,contrast,T23_vs_A,39,0.5384615384615384,0.3856944826717684,0.6843311439631637,0.7492586247608415,
full-002,pairwise_preference,contrast,T23_vs_B,0,,,,,
full-002,pairwise_preference,contrast,T23_vs_D,0,,,,,
full-002,pairwise_preference,contrast,T24_vs_A,38,0.2894736842105263,0.17003277826292035,0.44757137679590825,0.013852965261321515,
full-002,pairwise_preference,contrast,T24_vs_B,0,,,,,
full-002,pairwise_preference,contrast,T24_vs_D,0,,,,,
full-002,pairwise_preference,contrast,T25_vs_A,41,0.34146341463414637,0.21558808254947018,0.494501634837738,0.05958388801809633,
full-002,pairwise_preference,contrast,T25_vs_B,0,,,,,
full-002,pairwise_preference,contrast,T25_vs_D,0,,,,,
full-002,pairwise_preference,contrast,T26_vs_A,35,0.42857142857142855,0.27984568174178315,0.5914258885962498,0.49955983320251107,
full-002,pairwise_preference,contrast,T26_vs_B,0,,,,,
full-002,pairwise_preference,contrast,T26_vs_D,0,,,,,
